LUCID.ID,LucidDataCollectionSession,StartDate,EndDate,Progress,DurationSeconds,ParticipantRace,IV1.SpeakerRace,IV2.SpeakerPlatform,DidYouRead,OR1,OR2,OR3,OR4,OR5.RevDone,OR6.RevDone,OR7.RevDone,OR8.RevDone,OR9,OR10,OR11.RevDone,Censor1.RevDone,Censor2,Censor3.RevDone,Censor4.RevDone,Reaction5,Reaction17,WCH1,WCH2,WCH3,WCH4,LWA1,LWA2,LWA3,LWA4,LWA5,LWA6,LWA7,LWA8,LWA9,LWA10,LWA11,LWA12,Age,Gender_Identity,Race,PoliticalLean,LWA.Composite,WCH.Composite,Overall.Receptivity,Desire.to.Censor
3cc99fa0-5c2b-b9e7-2cf4-abe2f7e9f542,2,10/20/2022 21:35:36,10/20/2022 21:40:30,100,294,1,1,1,2,2,4,3,3,5,5,4,4,3,2,4,6,4,4,5,3,3,4,3,4,3,1,3,3,2,5,4,3,4,4,4,5,4,21,1, ,2,3.5,3.5,3.54545454545455,4.75
f1f668cd-7a8f-b3f6-1a99-5cddb657c52f,2,10/20/2022 18:41:06,10/20/2022 18:47:27,100,380,1,1,1,3,4,6,5,4,6,4,6,6,6,6,4,2,2,2,6,5,4,4,4,7,6,2,6,7,1,4,7,4,4,7,2,6,7,23,1, ,2,4.75,5.25,5.18181818181818,3
cda88824-94d9-ccd1-5570-bc834c7e3bc9,2,10/21/2022 0:11:29,10/21/2022 0:35:52,100,1462,1,1,1,2,6,5,5,5,3,6,5,6,5,5,5,2,2,2,4,5,2,1,1,6,6,2,6,7,2,1,2,2,4,7,3,1,6,25,2, ,4,3.58333333333333,3.5,5.09090909090909,2.5
a20a37c1-d1e5-95a2-e595-03214d3bed29,2,10/20/2022 18:02:26,10/20/2022 18:19:44,100,1037,1,1,1,3,5,6,6,6,2,1,4,3,6,7,2,3,6,3,6,5,4,3,2,6,6,2,6,6,2,5,5,4,3,6,2,6,7,26,1, ,2,4.5,4.25,4.36363636363636,4.5
3df74ec6-62fa-144c-0a92-7adca52dc324,2,10/21/2022 0:09:23,10/21/2022 0:19:08,100,585,1,1,1,2,6,6,2,5,3,6,5,4,5,1,1,2,6,4,4,2,6,1,1,4,1,4,2, , ,5,3,2,4,5,5,4,2,28,1, ,2,3.6,1.75,4,4
3371e211-f610-e239-9545-d65a6b2973f2,2,10/20/2022 21:22:26,10/20/2022 21:28:14,100,347,1,1,1,3,5,6,6,4,6,5,4,5,5,5,5,2,2,3,4,4,4,3,3,5,4,2,4,3,2,4,4,3,4,4,3,4,5,28,2, ,2,3.5,3.75,5.09090909090909,2.75
db7f2f6f-7de3-117a-933b-1b544299f28d,2,10/20/2022 18:24:56,10/20/2022 18:34:51,100,594,1,1,1,3,5,6,4,7,5,7,6,7,4,5,6,2,1,2,2,6,4,2,3,5,5,1,6,5,1,2,7,2,2,2,1,5,6,28,2, ,3,3.33333333333333,3.75,5.63636363636364,1.75
8c31bd19-38ea-34fd-d64d-891aaa01b8fb,2,10/20/2022 21:12:38,10/20/2022 21:20:18,100,459,1,1,1,3,6,5,4,4,4,6,6,7,4,5,4,3,2,3,4,2,4,2,4,4,4,5,5,4,4,7,4,4,7,4,2,6,4,29,2, ,2,4.66666666666667,3.5,5,3
4406de8e-8c46-566c-e1da-ea2dea33086c,2,10/20/2022 21:12:13,10/20/2022 21:19:15,100,421,1,1,1,3,4,4,4,4,4,4,4,4,4,4,2,4,6,2,2,4,6,4,4,3,4,4,4,4,4,4,4,4,4,4,4,4,4,32,1, ,3,4,3.75,3.81818181818182,3.5
ad63f8eb-452f-1140-f3bf-cc484a25fe09,2,10/20/2022 13:28:08,10/20/2022 13:37:39,100,570,1,1,1,4,6,6,6,4,7,7,7,7,7,7,4,1,1,1,1,1,1,1,1,3,1,1,3,1,1,3,1,2,1,1,1,3,1,33,1, ,3,1.58333333333333,1.5,6.18181818181818,1
ca5ba8c0-247c-4a6a-b594-9c701c631725,2,10/20/2022 17:06:27,10/20/2022 19:33:23,100,8815,1,1,1,4,6,6,6,4,7,7,7,7,5,1,4,7,1,1,3,1,4,1,1,1,1,1,1,1,1,1,5,1,1,7,1,1,7,35,2, ,3,2.33333333333333,1,5.45454545454545,3
7cc9ee60-02d6-bbcc-2634-dae28c30398a,2,10/20/2022 17:30:28,10/20/2022 17:42:04,100,696,1,1,1,2,5,5,5,6,3,4,4,5,5,4,4,3,4,3,3,4,4,5,4,6,5,3,5,5,2,4,6,4,4,6,1,3,5,36,1, ,3,4,5,4.54545454545455,3.25
69ec8942-1aee-e084-1716-bdc71d843ba1,2,10/20/2022 22:10:05,10/20/2022 22:15:38,100,332,1,1,1,3,5,5,5,4,4,5,5,5,5,5,5,4,3,4,4,4,4,3,4,5,4,3,4,4,4,4,5,4,4,5,4,4,4,36,2, ,3,4.08333333333333,4,4.81818181818182,3.75
3fee3c9c-929f-4359-0ac8-08c57a62aa7e,2,10/20/2022 21:16:41,10/20/2022 21:26:01,100,560,1,1,1,4,6,5,4,6,2,6,6,6,5,6,3,5,2,3,3,6,4,2,2,6,5,1,5,7,2,2,7,2,2,5,2,3,6,36,2, ,3,3.66666666666667,3.75,5,3.25
071ffaee-35f1-a614-edba-ce34832efb0b,2,10/21/2022 0:17:29,10/21/2022 0:20:39,100,189,1,1,1,2,5,5,5,6,3,3,3,3,5,5,4,3,4,4,4,5,4,5,4,4,4,4,4,4,4,4,4,4,4,4,4,4,4,37,2, ,2,4,4.25,4.27272727272727,3.75
8a24de50-2be6-3981-cb04-ea0f2bfe98b3,2,10/20/2022 17:50:12,10/20/2022 17:54:13,100,241,1,1,1,3,2,2,2,2,2,7,2,2,2,1,1,4,6,5,7,2,7,6,5,6,3,1,7,1,1,5,6,2,2,2,2,4,4,37,2, ,1,3.08333333333333,5,2.27272727272727,5.5
1a5ba5ee-3c82-4b81-aaba-9170f9e8e50d,2,10/21/2022 1:32:14,10/21/2022 1:39:45,100,450,1,1,1,3,4,2,3,4,2,4,3,3,3,1,2,5,5,6,4,6,6,4,5,6,4,2,7,5,2,1,4,4,3,7,4,4,6,39,2, ,2,4.08333333333333,4.75,2.81818181818182,5
93955bd9-9b96-9260-7a8d-6fbe5a5c273a,2,10/20/2022 18:01:27,10/20/2022 18:28:17,100,1610,1,1,1,4,6,6,6,4,6,6,6,6,6,6,4,2,2,2,2,6,3,1,1,6,2,1,7,1,1,2,2,1,1,2,1,3,7,40,2, ,2,2.41666666666667,2.5,5.63636363636364,2
fbca4277-2723-daa1-2323-76e1c1b71595,2,10/20/2022 16:54:29,10/20/2022 16:59:43,100,314,1,1,1,3,7,6,7,7,6,2,6,6,2,2,6,6,2,6,6,6,2,2,2,2,2,2,1, ,1,3,7,2,7,6,1,6,7,41,1, ,2,3.90909090909091,2,5.18181818181818,5
fef9f110-9c6a-c418-6944-c5d2ceada0f2,2,10/20/2022 13:24:02,10/20/2022 14:34:33,100,4230,1,1,1,3,6,6,6,6,1,2,2,1,6,5,2,1,6,2,2,6,5,6,6,7,7,7,7,7,7,7,7,6,6,6,6,6,6,41,2, ,2,6.5,6.5,3.90909090909091,2.75
faf88bae-4ab1-bacb-68fa-bfd3d37bfa4c,2,10/20/2022 13:23:29,10/20/2022 13:31:04,100,455,1,1,1,2,6,6,6,6,6,3,6,6, ,2,5,3,3,3,5,6,5,5,5,5,4,5,5,5,5,3,6,6,6,6,5,1,6,42,2, ,4,4.91666666666667,4.75,5.2,3.5
e6e80e4e-6a0b-b279-141a-3ac3a573f6bf,2,10/21/2022 0:07:54,10/21/2022 0:17:32,100,578,1,1,1,4,5,5,4,5,3,4,6,6,4,6,5,3,2,3,3,5,5,1,7,6,3,2,5,5,2,3,5,3,2,4,2,2,5,42,2, ,3,3.33333333333333,4.25,4.81818181818182,2.75
54b7a2a5-874d-8b10-4ff1-969ce5675c48,2,10/20/2022 22:49:20,10/20/2022 23:01:49,100,749,1,1,1,4,5,5,6,4,3,4,3,3,5,5,3,4,5,4,4,4,4,3,4,6,6,3,4,6,6,2,6,3,4,6,2,4,5,43,2, ,5,4.25,4.75,4.18181818181818,4.25
b5446904-e4cd-65ae-a350-5d6f91c524e6,2,10/20/2022 20:44:56,10/20/2022 20:50:24,100,327,1,1,1,3,6,5,6,5,5,5,5,6,6,5,3,2,2,2,3,5,6,3,2,5,3,2,7,2,2,2,7,3,5,2,3,2,3,45,2, ,2,3.33333333333333,3.25,5.18181818181818,2.25
640d1c95-4ea2-eb7f-e2c1-282600a14277,2,10/20/2022 17:55:38,10/20/2022 18:07:32,100,713,1,1,1,3,4,5,5,5,4,6,6,6,6,6,4,1,1,1,1,4,6,5,5,7,6,3,7,7,2,3,5,4,4,6,6,2,7,45,1, ,3,4.66666666666667,5.75,5.18181818181818,1
0482aac2-6d41-af44-6396-9ea98e775721,2,10/20/2022 19:39:45,10/20/2022 19:46:44,100,418,1,1,1,3,5,4,5,5,4,5,4,4,4,4,3,5,4,5,7,5,4,5,6,6,5,3,5,3,3,3,5,3,3,5,4,4,3,46,2, ,3,3.66666666666667,5.5,4.27272727272727,5.25
e530a66d-ff8e-be1e-d939-921b7a8ace89,2,10/20/2022 16:41:51,10/20/2022 16:54:28,100,756,1,1,1,4,7,5,7,7,7,7,7,7,7,7,7,1,1,1,1,7,1,1,2,6,6,1,7,7,1,1,6,1,1,6,1,1,4,46,1, ,3,3.08333333333333,3.75,6.81818181818182,1
06bc8790-d6a2-0c22-43c4-b397f8261a7d,2,10/21/2022 0:00:46,10/21/2022 0:16:02,100,915,1,1,1,4,1,7,7,7,7,7,7,7,7,7,7,1,2,1,7,7,1,5,7,7,4,1,7,7,1,1,7,1,1,7,1,7,7,46,2, ,4,4,5.75,6.45454545454545,2.75
df4e25cc-8b15-1591-de98-116572d9b72e,2,10/20/2022 13:23:29,10/20/2022 13:26:38,100,189,1,1,1,2,4,4,4,4,4,4,4,4,4,4,4,4,5,4,4,4,4,4,5,4,4,4,4,4,4,4,4,4,4,4,4,4,4,47,2, ,4,4,4.25,4,4.25
d3b1b887-ea85-e22b-49d3-8c9a3360c262,2,10/20/2022 22:42:14,10/20/2022 22:48:46,100,392,1,1,1,4,5,4,4,5,4,5,4,4,4,5,4,3,4,3,3,5,4,4,4,4,5,4,5,5,3,5,5,4,4,5,4,4,5,47,1, ,2,4.41666666666667,4.25,4.36363636363636,3.25
6514db5f-c7aa-7176-eb0b-ef3fdc6cdbbd,2,10/20/2022 23:57:04,10/21/2022 0:00:47,100,222,1,1,1,3,5,5,6,6,2,2,2,3,6,6,2,1,6,2,2,6,7,5,6,5,5,5,7,5,7,2,6,4,5,6,4,3,3,48,1, ,2,4.75,5.25,4.09090909090909,2.75
f1102c65-4234-a488-8531-183bd0407588,2,10/20/2022 15:14:31,10/20/2022 15:22:49,100,498,1,1,1,4,6,5,5,5,5,5,5,7,4,5,5,3,2,3,3,6,5,3,5,3,5,1,7,3,1,6,5,3,5,3,2,6,3,49,2, ,1,3.75,4,5.18181818181818,2.75
97749374-ecb4-b6ef-8c20-a75f20924896,2,10/20/2022 22:48:15,10/20/2022 22:56:45,100,509,1,1,1,3,5,4,5,4,3,4,3,4,4,5,5,4,2,2,2,6,5,7,7,7,6,1,5,2,2,1,7,6,3,7,7,6,7,51,2, ,2,4.5,6.75,4.18181818181818,2.5
893c7a71-aca9-6d21-ce25-4e1755bc3195,2,10/21/2022 0:26:39,10/21/2022 0:37:40,100,660,1,1,1,3,6,4,4,1,4,5,5,4,4,6,3,2,1,2,2,6,4,1,1,4,6,1,6,4,1,1,5,2,4,7,2,1,7,51,2, ,1,3.41666666666667,3,4.18181818181818,1.75
791e44b1-b208-d241-f6e5-7035e58b0153,2,10/20/2022 16:26:34,10/20/2022 16:35:56,100,561,1,1,1,4,4,2,4,6,4,2,4,4,2,7,2,6,6,6,7,6,4,5,5,6,6,2,7,7,1,4,6,1,1,6,2,3,7,52,2, ,3,3.91666666666667,5.5,3.72727272727273,6.25
87ab4aa8-f293-2475-42fc-7e80ea02c74a,2,10/20/2022 16:30:19,10/20/2022 16:42:30,100,730,1,1,1,3,5,6,4,4,4,4,4,5,4,5,4,3,3,3,4,3,4,5,5,6,4,4,6,6,4,4,6,4,5,5,4,5,6,53,2, ,5,4.91666666666667,5,4.45454545454545,3.25
f3cc95d2-82af-c0bf-2286-a1e76a4ab030,2,10/20/2022 16:59:48,10/20/2022 17:04:22,100,273,1,1,1,4,6,5,5,3,1,7,1,4,3,4,4,2,1,2,4,6,7,2,5,5,5,3,7,1,2,6,6,2,5,1,1,3,7,56,2, ,1,3.66666666666667,4.25,3.90909090909091,2.25
a60b4f04-81d3-fb5b-ea50-7b204d9303e6,2,10/20/2022 20:01:16,10/20/2022 20:15:16,100,840,1,1,1,4,5,3,4,4,4,4,5,4,5,5,2,4,3,3,5,5,5,3,2,5,6,4,7,7,1,2,4,2,2,4,2,2,7,57,2, ,3,3.66666666666667,4,4.09090909090909,3.75
18e3f8ae-c525-468f-11fa-ccc8b1df1c4c,2,10/21/2022 0:38:41,10/21/2022 0:54:52,100,971,1,1,1,3,6,6,6,5,6,6,6,7,5,6,6,2,2,2,2,4,4,2,5,6,4,2,7,2,2,2,4,5,4,5,3,6,6,58,2, ,3,4,4.25,5.90909090909091,2
5d00ce70-2a6f-84e8-f124-fa2b7faaf99d,2,10/21/2022 1:23:32,10/21/2022 1:35:28,100,716,1,1,1,4,7,7,6,7,3,6,6,7,6,7,7,1,1,1,1,5,4,1,4,5,4,4,4,4,1,4,4,4,1,5,4,1,5,58,2, ,3,3.41666666666667,3.5,6.27272727272727,1
dec4e7cf-0137-b880-3f9b-d3ef0564052d,2,10/20/2022 22:16:52,10/20/2022 22:24:18,100,445,1,1,1,2,4,4,4,4,4,4,6,6,4,5,4,3,4,2,3,4,4,5,5,6,6,2,4,4,2,4,6,2,2,6,2,2,6,59,2, ,4,3.5,5.5,4.45454545454545,3
e4f2ee0b-9d0c-0885-105f-dad95817a2e3,2,10/20/2022 19:10:58,10/20/2022 19:21:37,100,638,1,1,1,3,4,4,4,4,4,3,3,3,4,4,3,4,4,3,4,5,6,4,5,5,5,1,6,4,1,4,5,4,4,5,4,4,5,60,2, ,2,3.91666666666667,4.75,3.63636363636364,3.75
5c34544d-fcbd-a30c-a719-601f9154d0a5,2,10/20/2022 13:07:13,10/20/2022 13:15:43,100,510,1,1,1,3,7,7,7,7,7,1,7,7,7,1,1,1,7,1,1, ,7,7,7,7,7,7,7,7,7,1,1,7,6,7,7,7,7,61,2, ,2,5.91666666666667,7,5.36363636363636,2.5
2fa5cb3a-a3c6-7b0f-446e-ff8e56a528df,2,10/20/2022 19:59:46,10/20/2022 20:07:05,100,438,1,1,1,3,4,4,4,4,4,4,4,4,4,4,4,4,4,4,4,5,4,4,4,4,4,4,4,4,4,4,4,4,4,4,4,4,5,62,2, ,3,4.08333333333333,4,4,4
e8f19588-e6aa-cd96-14dc-a1dac271436b,2,10/20/2022 21:33:43,10/20/2022 21:42:25,100,522,1,1,1,3,7,7,6,6,4,4,6,7,6,4,3,2,1,2,5,4,4,2,2,7,2,2,6,7,2,4,6,2,1,7,1,1,7,63,2, ,3,3.83333333333333,3.25,5.45454545454545,2.5
dbb9eda0-4635-d2a6-48f4-d992cf756c42,2,10/21/2022 1:28:15,10/21/2022 1:38:14,100,599,1,1,1,4,3,5,5,3,6,3,3,5,2,5,3,3,5,6,3,3,5,2,6,6,2,2,7,3,1,2,6,6,4,5, ,4,6,64,2, ,2,4.18181818181818,4,3.90909090909091,4.25
2ed9aa43-4efc-46f2-3e17-9ef2f3f1e5a1,2,10/20/2022 20:50:48,10/20/2022 21:02:38,100,709,1,1,1,4, ,5,5,5,6,5,6,6,6,6,5,3,2,3,3,3,4,2,5,5,2,2,5,1,1,1,7,1,2,6,1,3,7,64,2, ,2,3.08333333333333,3.5,5.5,2.75
3eff4778-d9c6-a411-182c-73d41fda1d95,2,10/20/2022 20:47:25,10/20/2022 20:55:16,100,470,1,1,1,3,4,2,3,2,3,3,4,3,4,3,3,5,4,5,6,6,7,3,3,5,5,2,6,3,2,3,6,2,5,6,2,4,5,66,2, ,2,3.83333333333333,4,3.09090909090909,5
1fdc6db5-ba73-8fbd-2ee1-59f7a76d645b,2,10/21/2022 0:30:08,10/21/2022 0:45:33,100,925,1,1,1,3,6,5,5,6,4,4,4,4,5,5,4,3,4,3,4,5,4,4,5,5,4,4,5,5,4,4,5,4,4,5,4,4,5,66,2, ,2,4.41666666666667,4.5,4.72727272727273,3.5
8ac0c74e-ce61-e907-3b1a-f3eb4f4b4ea3,2,10/20/2022 22:20:07,10/20/2022 22:57:20,100,2233,1,1,1,3,4,5,4,4,6,4,4,6,4,5,4,4,4,4,4,4,4,5,5,5,4,4,7,2,2,5,6,2,3,4,2,4,4,66,2, ,2,3.75,4.75,4.54545454545455,4
2041517a-61c0-f124-a72e-656a0a9ba097,2,10/20/2022 20:16:19,10/20/2022 20:19:47,100,207,1,1,1,2,4,4,4,4,4,4,4,4,4,4,4,4,4,4,4,4,4,4,4,4,4,4,4,4,4,4,4,4,4,4,4,4, ,67,1, ,3,4,4,4,4
93ca9de4-ba3d-2670-29b0-a9e105899606,2,10/20/2022 19:23:17,10/20/2022 19:34:46,100,688,1,1,1,3,6,3,5,4,4,3,3,3,5,3,3,2,4,4,3,6,4,3,5,5,4,1,6,3,1,1,5,2,2,6,2,4,4,67,2, ,2,3.08333333333333,4.25,3.81818181818182,3.25
557ebded-af13-a47b-9fb9-8955770a8d00,2,10/20/2022 19:44:58,10/20/2022 19:52:27,100,449,1,1,1,4,7,7,7,7,7,7,7,7,7,7,6,1,1,1,1,1,4,1,2,5,2,1,1,5,1,1,1,1,1,2,1,1,2,68,1, ,4,1.5,2.5,6.90909090909091,1
d4bd62e8-7a23-a795-2ebc-569655e44205,2,10/20/2022 13:09:41,10/20/2022 14:09:40,100,3598,1,1,1,3,4,5,4,4,5,4,5,5,4,4,4,4,3,4,3,7,4,3,5,6,4,1,4,4,1,1,6,3,3,4,3,1,4,69,2, ,3,2.91666666666667,4.5,4.36363636363636,3.5
c45f844e-49bc-ca5a-b61a-b074a04efaa3,2,10/20/2022 16:35:18,10/20/2022 16:47:04,100,706,1,1,1,4,7,7,7,6,7,7,7,7,7,7,7,1,1,1,1,1,4,1,1,4,4,1,4,4,1,1,1,1,1,4,1,1,4,70,1, ,4,2,2.5,6.90909090909091,1
a69f6e3d-48af-83e2-7069-5ab48d8064d0,2,10/20/2022 17:53:22,10/20/2022 18:00:46,100,444,1,1,1,3,4,3,4,6,4,1,1,3,4,4,3,5,5,3,3,4,5,6,6,6,6,6,5,6,6,4,7,5,4,7,5,5,7,72,2, ,3,5.58333333333333,6,3.36363636363636,4
bcddca98-015a-f5a4-38cc-fef6ecaa2675,2,10/20/2022 21:40:33,10/20/2022 22:02:40,100,1327,1,1,1,4,6,6,5,5,4,5,5,5,6,6,4,2,3,2,2,2,3,3,2,4,4,2,4,4,2,4,6,4,2,3,2,4,5,72,2, ,4,3.5,3.25,5.18181818181818,2.25
9b7a2626-13c4-5046-9672-125171ae2ac5,2,10/20/2022 18:10:30,10/20/2022 18:22:40,100,729,1,1,1,3,6,5,4,3,5,5,5,6,4,5,5,3,3,3,2,5,3,3,3,5,3,3,4,3,2,2,6,2,3,6,4,3,2,74,2, ,3,3.33333333333333,3.5,4.81818181818182,2.75
6fe4c27a-0aee-64ac-082e-f6cf37bd369c,2,10/20/2022 18:42:48,10/20/2022 19:04:45,100,1316,1,1,1,3,6,4,6,4,4,6,5,5,5,4,4,3,3,3,3,5,4,4,4,4,4,4,4,6,3,3,6,4,5,4,4,4,6,74,2, ,2,4.41666666666667,4,4.81818181818182,3
8568a528-2c6e-b700-897c-9143d76026ca,2,10/20/2022 19:43:37,10/20/2022 19:59:10,100,933,1,1,1,4,6,6,6,3,6,6,4,6,6,6,6,2,2,2,2,5,5,5,7,7,6,2,7,6,1,2,6,2,2,6,2,2,7,74,2, ,2,3.75,6.25,5.54545454545455,2
5fb735cc-b832-371d-2398-019c0ecc0c2e,2,10/20/2022 14:47:17,10/20/2022 14:56:16,100,539,1,1,1,3,6,6,4,4,4,4,4,4,4,4,4,4,4,4,4,4,4,4,4,4,4,4,4,6,3,3,6,2,2,6,2,5,7,77,2, ,4,4.16666666666667,4,4.36363636363636,4
156,1,12/15/2021 12:23:39,12/15/2021 12:27:20,100,221,1,1,1,3,6,6,5,6,5,2,2,2,6,5,5,3,3,5,6,2,4,1,3,6,4,2,5,2,5,4,3,3,5,3,2,6,2,35,1,African-American,1,3.5,3.5,4.54545454545455,4.25
166,1,12/15/2021 12:48:56,12/15/2021 12:56:29,100,453,1,1,1,4,7,7,7,7,1,1,1,1,7,7,2,1,7,1,1,7,7,7,7,7,7,5,1,7,7,7,7,7,7,7,7,7,7,30,2,African american,5,6.33333333333333,7,4.36363636363636,2.5
d7825548-dee1-ce0b-641c-61a91876e7aa,2,10/20/2022 20:27:16,10/20/2022 20:31:00,100,223,1,1,2,3,1,4,5,4,4,4,5,4,4,4,4,2,4,3,3,4,4,4,4,4,4,4,5,4,5,5,4,5,4,5,5,4,4, ,2, ,4,4.5,4,3.90909090909091,3
f6535181-d19b-0908-c3d5-657877da6263,2,10/20/2022 13:20:57,10/20/2022 13:25:14,100,257,1,1,2,4, ,7,4,4,6,1,7,7,1,1,5, ,1,7,6,7,1,7,7,4, ,5,5,5,7,6,7,7,1,1,1,7,7, ,4, ,2,4.91666666666667,6,4.3,4.66666666666667
4b9a2f77-6a31-0c9e-6623-1bb13ee1b298,2,10/21/2022 0:05:04,10/21/2022 0:08:04,100,180,1,1,2,2,4,5,4,4,4,4,4,4,4,4,4,4,5,4,4,4,4,4,5,5,4,3,4,4,4,2,4,5,4,4,4,4,4,18,2, ,3,3.83333333333333,4.5,4.09090909090909,4.25
a5d54f84-5af9-a214-32d0-7bfe97f7de66,2,10/20/2022 20:51:06,10/20/2022 20:56:58,100,351,1,1,2,3,7,7,7,5,2,1,3,2,6,6,3,1,5,1,1,7,5,1,5,6,6,1,7,7,1,1,7,2,2,7,5,5,7,18,2, ,5,4.33333333333333,4.5,4.45454545454545,2
a1be1720-be8b-af3c-4c74-2395cfcf23c9,2,10/21/2022 0:38:29,10/21/2022 0:45:03,100,393,1,1,2,4,6,6,6,4,4,6,6,6,6,6,4,2,2,3,3,5,4,4,4,6,5,4,5,5,4,2,2,4,4,4,2,4,3,20,1, ,3,3.58333333333333,4.75,5.45454545454545,2.5
709780b1-c290-a115-72e5-b4bc964aeb53,2,10/20/2022 21:35:34,10/20/2022 21:44:43,100,549,1,1,2,3,4,3,3,2,3,4,4,4,4,4,3,4,4,4,3,5,4,4,4,5,5,4,6,6,2,4,5,4,4,4,4,2,4,21,2, ,5,4.08333333333333,4.5,3.45454545454545,3.75
46735567-28e5-df93-8133-61585042078c,2,10/21/2022 0:41:55,10/21/2022 0:45:31,100,215,1,1,2,3,5,5,5,6,2,4,2,2,6,5,3,2,5,3,3,5,5,4,1,6,6,4,6,7,4,5,5,4,4,6,3,4,4,22,2, ,3,4.66666666666667,4.25,4.09090909090909,3.25
273956ce-5e45-e541-de9a-62129c0d952c,2,10/20/2022 21:07:05,10/20/2022 21:12:38,100,332,1,1,2,3,5,5,4,4,3,4,4,4,4,4,4,4,4,4,4,4,4,5,4,5,4,4,6,6,4,4,4,4,4,4,5,4,4,22,2, ,4,4.41666666666667,4.5,4.09090909090909,4
e7e4e703-0741-e5f5-1657-d3cf7d7ed8e1,2,10/21/2022 0:25:06,10/21/2022 0:48:05,100,1379,1,1,2,3,2,5,1,2,5,4,2,4,4,2,7,6,4,5,6,1,2,3,1,6,6,4,7,5,2,5,7,3,4,6,4,6,6,22,2, ,1,4.91666666666667,4,3.45454545454545,5.25
68a4a40c-dcda-1175-5b58-908f7d1cf4ea,2,10/20/2022 23:58:56,10/21/2022 0:10:35,100,698,1,1,2,4,7,7,7,6,5,7,7,7,7,7,4,1,1,1,1,7,1,2,4,5,2,1,3,1,1,1,7,1,1,5,1,1,7,22,1, ,4,2.5,3.25,6.45454545454545,1
63063d57-7195-60de-f403-092d664bafb4,2,10/21/2022 0:17:41,10/21/2022 0:57:11,100,2369,1,1,2,3,4,4,4,4,4,4,2,2,4,4,4,2,1,2,4,4,4,5,4,6,5,5,4,5,4,6,4,4,6,4,6,4,4,23,2, ,3,4.66666666666667,5,3.63636363636364,2.25
13f6b58b-a5c5-71a6-65df-81dd6a3d9569,2,10/20/2022 13:09:29,10/20/2022 13:14:08,100,279,1,1,2,3,1,2,1,2,2,6,1,6,1,1,4,2,1,4,3,1,4,2,3,4,4,2,5,2,2,2,4,5,4,5,4,4,6,24,2, ,4,3.75,3.25,2.45454545454545,2.5
9d50567a-f4b5-eec3-a22e-627b4c06299c,2,10/21/2022 0:39:32,10/21/2022 0:50:19,100,647,1,1,2,3,2,1,2,2,4,1,2,2,1,2,3,7,5,6,7,4,4,5,5,5,4,4,7,7,4,4,4,4,4,4,4,7,6,26,1, ,4,4.91666666666667,4.75,2,6.25
39a3892f-33ff-43fc-447b-bd88661893cd,2,10/20/2022 20:57:42,10/20/2022 21:02:55,100,312,1,1,2,3,6,5,5,5,3,4,4,4,5,5,3,3,6,1,3,5,7,5,5,5,5,6,6,6,5,1,5,6,4,4,6,4,5,27,2, ,4,4.83333333333333,5,4.45454545454545,3.25
250ac10e-6337-302d-ed5a-f5218ac6a3ed,2,10/20/2022 20:52:21,10/20/2022 20:56:40,100,259,1,1,2,4,6,7,7,6,2,7,7,7,7,6,7,1,1,1,1,6,7,1,1,7,7,1,7,7,1,7,7,7,1,7,3,7,7,28,1, ,4,5.16666666666667,4,6.27272727272727,1
da6c2944-fc08-a7b0-9310-1d47de8a64a3,2,10/21/2022 0:01:33,10/21/2022 0:08:13,100,399,1,1,2,4,4,4,4,4,3,3,3,3,5,5,3,4,4,4,7,5,4,5,5,7,7,5,7,7,4,4,2,4,4,5,4,6,5,30,4, ,1,4.75,6,3.72727272727273,4.75
1d701cdf-b125-44c3-958b-285b71c1b03d,2,10/20/2022 21:33:42,10/20/2022 21:38:39,100,297,1,1,2,2,7,5,5,7,1,7,3,3,4,5,1,1,1,1,7,7,7,7,7,7,7,1,7,7,1,1,7,1,1,3,1,3,7,33,2, ,3,3.33333333333333,7,4.36363636363636,2.5
b53a68b6-216b-f6c5-c1e2-5c112af98955,2,10/20/2022 22:32:37,10/20/2022 22:41:35,100,537,1,1,2,4,5,6,2,5,5,4,3,7,5,5,5,3,3,3,3,3,5,5,5,6,4,1,5,7,1,1,7,2,6,5,2,3,3,33,2, ,3,3.58333333333333,5,4.72727272727273,3
f3cc4381-bc75-6a20-37d5-77e752bf9963,2,10/20/2022 22:21:19,10/20/2022 22:35:20,100,840,1,1,2,4,5,3,3,4,6,5,6,6,5,5,5,4,4,4,5,6,3,3,5,7,7,1,5,7,1,1,7,2,2,7,1,4,6,34,2, ,3,3.66666666666667,5.5,4.81818181818182,4.25
ecfbdc47-fff0-eb9d-6b13-e8d084d343a4,2,10/20/2022 13:23:52,10/20/2022 13:27:00,100,187,1,1,2,3,7,7,7,7,1,1,1,1,7,7,1,1,7,1,1,7,7,7,7,7,7,7,7,6,7,7,7,7,7,7,6,7,7,35,2, ,3,6.83333333333333,7,4.27272727272727,2.5
3301db67-7826-ed97-f333-ef2a8f675785,2,10/21/2022 0:26:01,10/21/2022 0:35:02,100,540,1,1,2,3,4,6,6,5,3,4,4,3,4,6,3,2,3,3,3,5,5,1,1,6,4,2,6,4,2,1,5,2,3,3,2,4,2,36,1, ,3,3,3,4.36363636363636,2.75
b61e52f5-62f2-c175-e5a1-6635347e4612,2,10/20/2022 22:30:12,10/20/2022 22:38:34,100,502,1,1,2,4,4,4,4,5,3,4,4,5,4,5,2,3,4,5,6,5,5,1,1,5,4,4,4,5,4,4,5,4,4,5,4,5,4,36,2, ,3,4.33333333333333,2.75,4,4.5
c12cc084-67b3-7d6f-cdd0-f407660d6567,2,10/20/2022 20:05:05,10/20/2022 20:18:49,100,823,1,1,2,2,7,5,4,4,4,7,6,4,6,6,3,2,4,4,3,2,4,1,1,1,6,1,7,6,1,4,4,4,4,4,4,4,4,37,2, ,3,3.91666666666667,2.25,5.09090909090909,3.25
a3b81de8-b9e4-41e4-4abc-2993ddbb260a,2,10/21/2022 0:17:12,10/21/2022 0:34:14,100,1022,1,1,2,4,7,7,7,7,7,7,7,7,7,7,2,1,1,2,3,2,4,7,7,7,7,1,4,4,1,1,7,1,1,7,1,1,7,37,2, ,3,3,7,6.54545454545455,1.75
e0654583-a187-d215-8fd7-714e5413946e,2,10/20/2022 15:51:40,10/20/2022 15:56:07,100,266,1,1,2,2,5,5,5,4,4,4,4,4,4,4,4,4,4,4,4,4,4,3,4,3,4,4,4,4,4,4,4,4,4,4,4,4,4,38,1, ,5,4,3.5,4.27272727272727,4
b2458411-37c7-ee7a-b745-b06e5561e9f3,2,10/21/2022 0:11:41,10/21/2022 0:15:44,100,243,1,1,2,4,4,5,6,4,2,2,2,6,6,5,4,2,3,5,5,5,3,4,4,3,4,4,4,3,4,3,3,3,4,3,3,4,3,38,1, ,4,3.41666666666667,3.75,4.18181818181818,3.75
689284ee-bf0d-f4ad-7bba-b0b9a7a10a0c,2,10/20/2022 16:31:49,10/20/2022 16:39:40,100,471,1,1,2,3,5,6,5,6,2,6,4,1,5,3,2,7,2,7,7,7,7,1,7,7,7,3,7,7,1,1,7,7,7,7,7,7,7,39,2, ,3,5.66666666666667,5.5,4.09090909090909,5.75
0bb7158e-4283-82be-58da-219c5110726d,2,10/20/2022 18:08:59,10/20/2022 18:27:58,100,1139,1,1,2,3,4,4,6,4,4,7,6,6,4,6,7,4,1,3,3,4,4,1,5,7,4,2,4,7,1,4,4,4,2,4,3,4,5,40,1, ,3,3.66666666666667,4.25,5.27272727272727,2.75
82369f9f-a6b1-b466-c9cb-ab1d87993f7a,2,10/20/2022 23:50:00,10/21/2022 0:14:37,100,1476,1,1,2,3,7,7,7,7,1,1,1,7,7,7,7,1,7,1,1,7,6,5,7,7,7,7,7,7,1,1,7,7,1,7,7,1,7,40,2, ,4,5,6.5,5.36363636363636,2.5
32037db1-7ab1-6cc7-92e5-4928a6bc4857,2,10/20/2022 13:34:05,10/20/2022 13:38:32,100,266,1,1,2,2,1,1,3,1,6, ,4,4,2,4,5,4,3,5,4,3,4,3,3,2,4,3,4,3,5,3,2,2,3,4,2,3,2,41,1, ,3,3,3,3.1,4
dccc48b4-acab-6d3d-22e0-7ce7698d6556,2,10/20/2022 17:02:31,10/20/2022 17:08:56,100,384,1,1,2,3,5,4,5,4,5,4,4,4,4,4,4,4,3,4,5,6,4,5,5,5,5,3,4,4,4,4,5,3,4,4,3,4,4,41,2, ,3,3.83333333333333,5,4.27272727272727,4
42656b71-7a5d-69db-8125-5f4e7a62de93,2,10/20/2022 21:24:22,10/20/2022 21:43:29,100,1146,1,1,2,3,5,3,4,4,3,4,3,4,5,3,3,5,4,5,6,6,4,2,6,5,5,2,4,3,1,2,7,4,5,5,3,5,6,41,2, ,3,3.91666666666667,4.5,3.72727272727273,5
38f65c3e-15fb-7a5a-046a-68dd9cd9cadc,2,10/21/2022 0:18:58,10/21/2022 0:28:08,100,549,1,1,2,3,5,4,4,4,4,7,6,6,6,7,4,2,4,1,4,6,6,4,6,3,3,3,4,6,4,4,4,4,3,6,5,3,7,42,1, ,3,4.41666666666667,4,5.18181818181818,2.75
a577597f-1468-e58f-852b-6d5c25d7cb95,2,10/21/2022 0:40:12,10/21/2022 0:52:20,100,727,1,1,2,3,6,6,6,4,6,6,4,6,6,6,4,2,2,2,2,5,2,3,5,6,4,2,7,4,2,2,6,2,2,4,2,4,4,42,2, , ,3.41666666666667,4.5,5.45454545454545,2
91471ad2-da7d-a8ff-a686-2e6ccccc6037,2,10/20/2022 20:00:50,10/20/2022 20:15:58,100,908,1,1,2,3,1,1,1,1,4,1,1,1,1,1, ,7,7,7,4,1,1,7,7,7,4,1,6,6,3,5,7,2,4,7,4,1,7,43,2, ,4,4.41666666666667,6.25,1.3,6.25
2fae2a56-dec6-2a34-4702-1e85c3faf4b5,2,10/20/2022 16:38:47,10/20/2022 16:42:02,100,195,1,1,2,4,7,5,6,7,2,7,2,2,6,6,2,2,6,2,2,1,3,5,6,6,6,6,5,6,6,5,6,6,7,7,6,7,5,43,2, ,4,6,5.75,4.72727272727273,3
ef5d0334-41ed-efd4-ac60-37765d00ebda,2,10/21/2022 1:34:23,10/21/2022 1:41:04,100,401,1,1,2,4,4,2,2,4,4,3,5,5,5,2,5, ,6,2,6,5,4,4,1,1,3,4,5,5,5,4,5,5,4,5,4,5,5,43,1, ,4,4.66666666666667,2.25,3.72727272727273,4.66666666666667
c8b4b8df-e471-de29-5b8b-8c9ffce8cd3a,2,10/20/2022 17:25:27,10/20/2022 17:38:16,100,768,1,1,2,4,5,5,5,6,5,6,6,7,5,5,6,3,4,2,3,5,4,3,5,5,3,2,5,3,2,3,5,2,2,2,1,2,4,43,2, ,3,2.75,4,5.54545454545455,3
dda19ec5-5f2b-4b52-5f91-aa8a3e7d7227,2,10/20/2022 23:30:34,10/20/2022 23:46:06,100,931,1,1,2,4,6,4,4,2,3,4,1,2,7,5,1,3,1,2,2,7,7,2,7,7,4,1,7,1,1,2,7,2,5,5,4,5,6,43,2, ,2,3.83333333333333,5,3.54545454545455,2
abda6fb7-c83b-a269-4be3-5bf189157b5b,2,10/20/2022 13:42:05,10/20/2022 13:51:15,100,550,1,1,2,3,4,4,4,4,3,4,4,3,4,3,3,4,3,5,4,4,4,3,5,3,4,4,5,5,2,3,3,6,4,4,4,5,5,44,2, ,3,4.16666666666667,3.75,3.63636363636364,4
8b0f6af8-6025-745a-e8ac-5e242b385b1b,2,10/20/2022 20:46:26,10/20/2022 20:50:01,100,215,1,1,2,2,4,4,4,4,4,4,4,4,4,4,4,4,4,4,4,7,4,7,7,7,7,7,7,7,7,1,7,7,1,7,2,1,7,48,2, ,4,5.08333333333333,7,4,4
fe3d9186-7852-a9b7-c3d2-a516c3217b64,2,10/20/2022 23:18:03,10/20/2022 23:25:35,100,451,1,1,2,3,7,7,7,7,1,7,7,7,7,7,7,1,1,1,1,7,7,1,1,1,1,1,7,7,1, ,7,1,1,7, ,1,1,48,1, ,1,3.4,1,6.45454545454545,1
d14b748f-420a-5770-b3db-4060525ac666,2,10/20/2022 22:45:52,10/20/2022 22:58:23,100,751,1,1,2,3,4,6,4,5,4,1,2,3,4,4,3,3,4,2,4,6,6,4,4,3,5,4,4,3,4,3,4,5,2,2,6,2,5,48,2, ,2,3.66666666666667,4,3.63636363636364,3.25
e6a81d69-93f7-93b0-4f3d-2983c745378b,2,10/20/2022 21:12:57,10/20/2022 21:24:24,100,686,1,1,2,4,4,1,2,2,3,7,2,2,4,4,2,3,4,4,3,6,5,4,5,6,2,1,7,7,1,3,4,4,5,4,1,2,7,50,2, ,3,3.83333333333333,4.25,3,3.5
8c6a7450-e4c8-b03b-9d04-4041bbb870b4,2,10/21/2022 2:15:46,10/21/2022 2:29:12,100,805,1,1,2,4,6,4,5,1,4,6,6,4,6,3,5,2,1,5,3,5,7,2,2,6,2,1,7,2,1,1,1,2,5,6,1,5,2,51,2, ,4,2.83333333333333,3,4.54545454545455,2.75
4666fdc0-e25e-461f-9994-c94d75ef6222,2,10/20/2022 23:59:09,10/21/2022 0:08:46,100,576,1,1,2,3,4,4,4,4,3,5,6,4,4,4,3,4,4,3,5,5,4,5,6,7,4,4,6,6,4,2,7,4,2,7,4,1,7,52,2, ,2,4.5,5.5,4.09090909090909,4
b18b995e-5ee8-c2d9-650a-ada03abc6cba,2,10/20/2022 17:00:25,10/20/2022 17:13:16,100,770,1,1,2,3,6,4,6,4,4,7,6,6,6,6,4,2,2,2,4,3,4,2,6,5,5,1,7,6,1,1,4,2,1,6,1,1,6,52,2, ,4,3.08333333333333,4.5,5.36363636363636,2.5
5eec82b5-553f-a9a9-09e1-b6c770eaf456,2,10/20/2022 21:36:31,10/20/2022 21:48:41,100,730,1,1,2,3,4,5,4,4,5,5,6,6,4,4,4,3,4,3,2,5,4,1,5,5,4,4,7,1,2,4,6,4,4,4,4,4,6,53,2, ,3,4.16666666666667,3.75,4.63636363636364,3
2aaea0fe-4cf3-4496-4aaa-94850ef7881d,2,10/20/2022 21:23:51,10/20/2022 21:29:58,100,367,1,1,2,4,5,6,2,6,2,7,5,5,3,3,6,2,2,2,2,5,2,2,2,2,2,2,2,6,2,2,6,2,2,2,6,2,6,54,2, ,2,3.33333333333333,2,4.54545454545455,2
e317d327-8079-f55d-f073-e73cf5a32bc5,2,10/20/2022 20:35:16,10/20/2022 20:45:50,100,634,1,1,2,4,7,6,7,4,4,4,4,3,7,4,1,4,4,4,7,1,4,5,7,7,6,1,4,7,1,3,7,2,4,6,4,4,7,54,2, ,4,4.16666666666667,6.25,4.63636363636364,4.75
5d6b0fc9-48f2-d2ca-959d-3b40d22d9324,2,10/20/2022 23:33:52,10/20/2022 23:39:16,100,324,1,1,2,3,6,6,6,6,5,7,6,5,6,6,7,2,1,2,2,1,3,2,2,6,2,3,6,6,1,2,6,2,2,7,1,2,6,55,2, ,2,3.66666666666667,3,6,1.75
687183a9-db1b-ca7a-91fd-b75ad7a91b4f,2,10/20/2022 19:29:59,10/20/2022 19:47:42,100,1062,1,1,2,3,6,6,2,2,2,6,5,2,4,5,2,6,4,6,6,7,6,6,6,7,7,2,4,4,2,1,6,4,2,6,1,6,4,55,2, ,2,3.5,6.5,3.81818181818182,5.5
31d6511e-344e-0d9d-244a-65fd3e91eafc,2,10/21/2022 0:18:27,10/21/2022 0:31:19,100,771,1,1,2,4,5,5,4,4,4,5,4,5,5,6,5,3,3,3,2,4,4,1,5,5,5,1,4,4,1,1,5,3,2,6,1,5,5,55,2, ,4,3.16666666666667,4,4.72727272727273,2.75
ef0d7f9b-08d0-221f-9dcf-4b26670eb478,2,10/20/2022 13:21:45,10/20/2022 13:31:24,100,578,1,1,2,3,6,6,6,6,4,6,6,6,4,5,6,4,2,4,4,6,4,6,7,6,6,2,6,6,2,2,7,6,6,7,4,2,6,57,2, ,1,4.66666666666667,6.25,5.54545454545455,3.5
6e128675-8790-3713-f521-b239dae12cb4,2,10/20/2022 21:07:32,10/20/2022 21:18:42,100,669,1,1,2,3,5,4,5,4,6,6,6,6,6,6,6,2,2,3,3,4,4,2,6,6,4,1,2,6,1,2,5,1,3,5,2,6,4,58,2, ,2,3.16666666666667,4.5,5.45454545454545,2.5
5b87b30b-1b50-f854-785f-87ac7010bbe9,2,10/20/2022 23:44:18,10/21/2022 0:13:44,100,1766,1,1,2,3,4,4,4,1,6,7,6,6,3,1,6,2,2,4,2,5,4,6,6,6,6,2,5,7,2,1,7,2,4,7,1,1,6,59,2, , ,3.75,6,4.36363636363636,2.5
057e8d37-ea24-f30f-9a63-b9554dc542d5,2,10/20/2022 21:16:27,10/20/2022 21:26:22,100,595,1,1,2,4,5,4,5,4,4,6,5,5,4,5,7,3,3,3,3,5,5,2,6,6,4,1,5,6,1,3,7,1,3,2,1,2,3,60,2, ,2,2.91666666666667,4.5,4.90909090909091,3
b9a22ebd-d451-cbd8-4ee9-1a891046f858,2,10/20/2022 18:29:19,10/20/2022 18:35:11,100,352,1,1,2,3,4,4,4,4,4,4,4,4,4,4,3,2,4,2,4,6,4,6,6,6,4,4,4,4,2,4,4,4,4,4,4,4,4,61,2, ,3,3.83333333333333,5.5,3.90909090909091,3
5fc3718c-4054-d496-22d8-45e837f3c26e,2,10/20/2022 19:55:27,10/20/2022 20:05:52,100,624,1,1,2,3,5,5,5,5,2,5,4,4,6,5,1,2,3,2,4,6,2,4,5,7,4,4,6,6,2,2,6,4,3,6,2,5,7,63,2, ,3,4.41666666666667,5,4.27272727272727,2.75
f6eeb89a-ade2-a0d5-1dce-8cc50582b271,2,10/21/2022 0:55:10,10/21/2022 1:10:53,100,942,1,1,2,3,5,6,4,4,6,5,5,3,6,4,5,3,2,3,3,1,4,4,5,1,4,1,4,5,1,1,4,4,1,2,1,4,5,63,2, ,2,2.75,3.5,4.81818181818182,2.75
04ab4314-62b1-5b28-4740-77804ca05bf9,2,10/20/2022 18:28:43,10/20/2022 18:54:00,100,1516,1,1,2,3,4,4,3,4,3,6,4,4,4,5,4,3,4,4,4,2,4,4,4,4,4,4,4,4,5,3,3,5,4,3,5,4,5,65,2, ,4,4.08333333333333,4,4.09090909090909,3.75
a1d39e8a-918c-f710-28de-aaf8890e8863,2,10/20/2022 22:11:15,10/20/2022 22:19:05,100,470,1,1,2,3,5,4,5,5,4,4,4,4, ,5,3,3,4,3,3,4,4,5,5,5,5,4,5,5,4,5,5,5,4,4,4,4,5,66,2, , ,4.5,5,4.3,3.25
141c0d8c-9da8-2071-ffd8-39371d87116e,2,10/20/2022 19:21:14,10/20/2022 19:44:51,100,1417,1,1,2,4,5,6,4,5,5,5,6,6,4,3,6,3,2,2,3,4,4,5,5,5,3,2,3,5,2,1,6,3,1,7,1,1,7,66,1, ,4,3.25,4.5,5,2.5
13887f0b-a3fe-61a9-675f-4ba3fdef1fee,2,10/20/2022 17:47:50,10/20/2022 17:57:12,100,562,1,1,2,4,7,7,7,4,7,7,7,7,7,7,7,1,1,1,1,7,5,1,1,1,1,1,1,1,1,1,1,1,1,1,1,1,1,67,2, ,3,1,1,6.72727272727273,1
d08ee132-9b3c-72d3-6266-d5a5b1d12ada,2,10/20/2022 18:49:32,10/20/2022 18:58:49,100,557,1,1,2,4,5,5,5,5,4,5,5,5,5,5,5,3,3,3,3,4,3,4,4,5,5,3,5,5,1,1,4,5,2,6,1,1,6,68,2, ,2,3.33333333333333,4.5,4.90909090909091,3
d07e22b4-fbd3-26e6-97e0-16552eeb4950,2,10/20/2022 16:39:33,10/20/2022 16:46:45,100,432,1,1,2,4,6,7,6,6,3,6,6,7,7,7,4,1,1,2,1,4,4,2,3,6,5,1,7,6,1,2,5,1,4,5,1,4,5,71,2, ,2,3.5,4,5.90909090909091,1.25
7f031ba4-64a3-0ba5-fcf0-2f286e8fb840,2,10/20/2022 23:51:37,10/21/2022 0:10:18,100,1121,1,1,2,4,7,7,7,4,7,7,7,7,7,7,7,1,1,1,7,4,4,1,4,6,6,1,4,4,1,1,7,1,4,6,1,1,6,71,2, ,4,3.08333333333333,4.25,6.72727272727273,2.5
3925201f-4884-1a51-c24b-140efbb270fd,2,10/20/2022 20:38:46,10/20/2022 20:46:17,100,451,1,1,2,3,6,6,4,5,5,5,5,5,4,3,5,4,4,5,5,4,3,3,5,5,3,2,7,4,2,4,7,2,2,7,2,2,7,72,2, ,2,4,4,4.81818181818182,4.5
eb710876-a7fb-0200-e222-3c5a53dd9f9b,2,10/20/2022 13:03:39,10/20/2022 13:11:50,100,490,1,1,2,3,6,6,6,4,6,6,7,7,6,6,7,4,2,2,2,4,4,1,1,4,2,2,7,4,1,1,7,1,4,5,5,1,3,72,2, ,2,3.41666666666667,2,6.09090909090909,2.5
2ec9a1a5-2236-d36c-5df1-95e217b81647,2,10/20/2022 14:41:36,10/20/2022 14:56:13,100,877,1,1,2,4,4,5,4,4,3,4,4,5,4,4,4,4,1,4,4,5,5,4,5,5,5,4,5,5,4,4,6,4,3,5,4,5,6,74,2, ,2,4.58333333333333,4.75,4.09090909090909,3.25
113,1,12/15/2021 12:33:35,12/15/2021 12:43:26,100,590,1,1,2,3,5,5,4,5,4,4,6,6,4,5,7,3,2,3,3,5,4,1,1,6,1,1,7,4,1,4,2,1,1,4,1,4,5,49,1,African American,4,2.91666666666667,2.25,5,2.75
124,1,12/15/2021 12:01:34,12/15/2021 12:13:18,100,704,1,1,2,4,1,2,1,1,5,4,4,7,1,1,7,7,1,7,7,5,7,2,5,7,4,1,4,7,1,1,4,4,7,1,1,1,4,45,2,African American,3,3,4.5,3.09090909090909,5.5
127,1,12/15/2021 12:25:49,12/15/2021 12:31:57,100,368,1,1,2,2,4,4,4,4,3,4,4,4,5,5,5,4,3,4,4,4,3,3,3,4,3,4,4,4,3,3,4,4,3,4,4,5,5,45,1,black,3,3.91666666666667,3.25,4.18181818181818,3.75
85e414f1-49df-8352-1ba5-20cf2a5b8904,2,10/21/2022 0:03:31,10/21/2022 0:08:43,100,312,1,2,1,2,2,1,4,3,3,4,3,4,4,4,4,6,2,7,4,6,4,4,6,6,3,5,6,5,1,7,4,3,5,3,4,3,5,18,2, ,3,4.25,4.75,3.27272727272727,4.75
3e82fc34-4b90-7b83-7060-c8a9fd2044d3,2,10/21/2022 0:41:11,10/21/2022 0:50:07,100,535,1,2,1,2,4,4,4,4,4,3,4,4,4,4,4,4,4,4,4,4,4,5,7,7,5,6,3,4,5,4,4,2,4,4,2,4,5,20,2, ,1,3.91666666666667,6,3.90909090909091,4
c4203e8f-2a0b-dc9c-d2db-0a0bbb16a460,2,10/21/2022 0:30:07,10/21/2022 0:35:12,100,304,1,2,1,3,4,3,5,1,2,4,2,2,4,3,3,4,3,4,5,5,5,3,5,5,4,2,7,3,2,7,6,3,4,3,3,5,2,22,2, ,2,3.91666666666667,4.25,3,4
679ca562-c597-b619-6f36-91b7f0b8ea80,2,10/21/2022 0:53:13,10/21/2022 0:56:25,100,192,1,2,1,3,6,5,6,6,3,6,3,3,5,5,3,2,4,2,2,6,6,4,6,6,6,6,6,6,6,1,7,6,6,7,3,6,7,24,2, ,3,5.58333333333333,5.5,4.63636363636364,2.5
7d5332db-dbcd-26f0-ba8f-0678dae96139,2,10/20/2022 16:40:48,10/20/2022 16:48:25,100,456,1,2,1,4,7,1,7,3,2,2,1,7,7,5,1,1,1,1,7,6,7,7,7,7,7,1,7,4,1,7,7,7,5,7,5,7,7,25,2, ,3,5.41666666666667,7,3.90909090909091,2.5
2520360f-433c-2580-b65b-020b1e3471e9,2,10/20/2022 14:10:05,10/20/2022 14:22:28,100,742,1,2,1,3,2,2,2,2,6,4,4,4,4,4,4,6,3,7,4,6,7,2,2,4,4,4,6,6,2,4,7,4,4,7,2,5,4,27,2, ,1,4.58333333333333,3,3.45454545454545,5
672f3f97-c91a-dd9d-dec3-0b0461041275,2,10/21/2022 1:31:32,10/21/2022 1:38:06,100,393,1,2,1,3,3,3,4,4,3,4,4,4,4,3,4,2,4,4,6,5,5,3,4,5,4,2,4,3,2,5,7,4,4,3,3,5,4,32,1, ,2,3.83333333333333,4,3.63636363636364,4
23f4ce45-6ae8-5335-0d11-fadf3b76c8a7,2,10/20/2022 23:13:58,10/20/2022 23:23:42,100,583,1,2,1,4,5,4,5,5,5,7,6,6,5,5,6,3,2,3,3,5,4,5,5,7,3,2,6,2,2,2,3,2,2,5,2,2,6,32,2, ,3,3,5,5.36363636363636,2.75
7dffc5e4-9d54-db3a-1ab0-f1d455465b01,2,10/20/2022 21:49:12,10/20/2022 21:58:53,100,580,1,2,1,3,3,1,2,1,1,4,4,3,4,2,1,6,4,5,7,4,4,5,4,7,7,2,4,7,1,4,7,1,1,7,2,2,7,33,2, ,3,3.75,5.75,2.36363636363636,5.5
68223b19-5e0e-bb21-b14d-0f0922ad52fa,2,10/20/2022 13:13:38,10/20/2022 13:16:41,100,182,1,2,1,4,6,7,7,6,2,3,3,7,6,7,2,2,3,2,1,1,5,2,3,6,6,1,5,7,1,1,5,1,3,1,2,2,7,33,1, ,2,3,4.25,5.09090909090909,2
0a78335b-2541-a905-870f-075322d605b8,2,10/21/2022 0:04:01,10/21/2022 0:12:44,100,523,1,2,1,4,3,1,4,4,1,4,4,3,4,2,1,2,2,4,7,5,6,5,7,6,2,2,7,1,1,6,7,1,4,1,1,5,3,34,2, ,2,3.25,5,2.81818181818182,3.75
b4dea5e6-723a-6687-31b2-91f5950ac200,2,10/20/2022 17:59:04,10/20/2022 18:07:29,100,505,1,2,1,4,5,4,4,4,3,5,5,5,4,4,3,4,4,3,4,4,4,7,7,7,7,1,7,7,1,1,6,1,6,7,1,6,7,35,2, ,3,4.25,7,4.18181818181818,3.75
cc99add6-458b-ad29-7d82-99b2c78a7d34,2,10/20/2022 21:23:56,10/20/2022 21:41:28,100,1051,1,2,1,4,5,5,6,3,3,3,2,5,6,5,3,2,1,2,2,7,6,5,5,5,3,2,5,1,1,3,3,1,5,6,1,5,2,35,2, ,3,2.91666666666667,4.5,4.18181818181818,1.75
cc4d46e5-5d3a-6cfa-b5b1-7266676cf907,2,10/20/2022 22:47:46,10/20/2022 22:56:44,100,538,1,2,1,2,7,6,6,7,3,6,6,6,6,4,2,1,4,1,1,4,6,7,7,7,7,3,7,6,2,1,7,7,4,7,5,4,7,36,2, ,2,5,7,5.36363636363636,1.75
1c6e45bd-b5ef-3b4d-8ae9-71450e0d915f,2,10/20/2022 21:16:33,10/20/2022 21:27:02,100,628,1,2,1,2,6,6,6,6,2,2,4,2,6,5,2,1,6,1,2,2,2,2,2,6,6,6,4,6,5,6,6,6,6,6,4,5,6,37,2, ,2,5.5,4,4.27272727272727,2.5
9c3fc18a-daa9-e1a4-d6de-f514fef4ef68,2,10/20/2022 16:36:35,10/20/2022 16:45:43,100,548,1,2,1,3,4,5,5,4,4,4,4,4,4,4,4,4,4,4,4,4,4,3,4,5,5,3,4,4,3,3,5,4,4,4,4,4,4,38,1, ,2,3.83333333333333,4.25,4.18181818181818,4
a3b05be2-10b6-059b-54b6-6f9bb6efd700,2,10/20/2022 21:21:36,10/20/2022 21:34:32,100,775,1,2,1,4,7,5,5,6,5,7,6,6,6,7,4,3,2,2,4,4,4,4,2,3,4,2,5,3,1,2,7,4,2,4,2,7,2,40,2, ,3,3.41666666666667,3.25,5.81818181818182,2.75
d6764f4e-191b-22db-841a-7b5d3795d7b4,2,10/21/2022 0:14:10,10/21/2022 0:24:09,100,598,1,2,1,3,6,7,7,7,3,4,7,4,5,5,3,1,1,2,2,4,7,5,6,7,7,2,6,4,1,4,7,1,4,5,4,1,6,42,1, ,2,3.75,6.25,5.27272727272727,1.5
77a17470-baab-7514-5324-408ad1d81596,2,10/21/2022 0:25:47,10/21/2022 1:08:44,100,2577,1,2,1,4,6,6,7,5,7,6,7,7,7,6,7,1,1,1,1,2,1,1,5,7,5,1,4,5,1,1,7,1,7,6,1,1, ,42,2, ,3,3.18181818181818,4.5,6.45454545454545,1
932df764-9cdc-5b0a-d330-c3066f704786,2,10/20/2022 23:38:02,10/20/2022 23:50:44,100,762,1,2,1,4,5,5,4,4,4,4,4,4,6,6,4,2,4,1,2,7,4,4,7,7,7,7,7,4,7,4,7,7,4,7,7,2,7,43,1, ,3,5.83333333333333,6.25,4.54545454545455,2.25
aeb5a09a-ac63-22dd-4ece-949e659d0879,2,10/20/2022 22:26:09,10/20/2022 22:30:15,100,245,1,2,1,3,5,5,5,5,4,5,5,5,5,5,5,3,4,3,3,3,5,4,4,4,4,4,4,4,4,4,4,4,4,4,4,4,4,44,2, ,4,4,4,4.90909090909091,3.25
af4898d6-d433-894c-b782-ac630b397434,2,10/20/2022 23:52:16,10/20/2022 23:56:40,100,263,1,2,1,4,2,1,4,3,5,4,3,2,5,4,3,7,6,6,7,5,5,1,2,5,2,3,5,5,2,2,6,3,3,5,3,5,5,46,2, ,2,3.91666666666667,2.5,3.27272727272727,6.5
f0841427-0f2f-edc8-6373-20af532d8cc5,2,10/20/2022 20:54:54,10/20/2022 21:00:26,100,332,1,2,1,4,7,4,7,4,4,6,4,5,6,6,6,3,2,3,3,1,2,1,1,4,2,4,7,7,1,4,7,4,2,7,1,7,6,46,1, ,2,4.75,2,5.36363636363636,2.75
716c0744-dd4c-247d-9c10-3347c41501ab,2,10/21/2022 1:08:46,10/21/2022 1:13:24,100,277,1,2,1,2,6,6,6,6,3,4,5,4,6,5,4,2,3,2,2,4,4,3,3,5,4,4,5,5,4,4,4,6,5,5,3,6,6,47,2, ,3,4.75,3.75,5,2.25
039cdb41-cb17-364f-7d15-efb77939e1ac,2,10/20/2022 19:47:01,10/20/2022 20:05:28,100,1106,1,2,1,4,5,5,5,6,7,7,6,6,5,6,6,2,2,2,2,1,4,2,1,1,2,2,6,5,2,2,2,2,2,6,2,2,6,47,2, ,3,3.25,1.5,5.81818181818182,2
76cd5eff-d223-0113-5fab-6ae6687a9c1a,2,10/20/2022 12:33:57,10/20/2022 12:54:07,100,1210,1,2,1,4,7,6,7,4,7,7,7,7,7,7,3,1,1,1,1,2,4,2,1,5,3,1,3,3,1,1,3,3,1,2,2,4,3,48,1, ,3,2.25,2.75,6.27272727272727,1
e9f01947-973a-3073-0f13-2ddbad1954a5,2,10/20/2022 23:50:36,10/20/2022 23:56:36,100,360,1,2,1,3,4,6,4,2,2,6,4,4,6,6,4,2,2,2,2,4,6,6,5,6,6,5,5,5,3,2,6,3,2,6,2,6,6,50,2, ,4,4.25,5.75,4.36363636363636,2
a93967b0-b897-47ec-dee4-531207cb3857,2,10/20/2022 20:33:49,10/20/2022 20:37:03,100,193,1,2,1,4,7,7,7,7,7,2,7,7,7,7,7,1,1,1,1,7,7,1,1,1,1,1,1,1,1,1,1,1,1,7,1,1,7,50,1, ,3,2,1,6.54545454545455,1
8aa8088f-9f32-280a-4ddb-3c8383eb3a6c,2,10/20/2022 21:35:09,10/20/2022 21:47:34,100,744,1,2,1,3,4,4,2,2,1,2,1,1,1,1,1,6,7,7,7,1,7,4,5,7,7,1,7,7,1,7,4,4,7,6,5,7,7,51,2, ,2,5.25,5.75,1.81818181818182,6.75
ef415b36-7cfb-94d8-a462-6f6a57bbdad4,2,10/20/2022 21:59:34,10/20/2022 22:16:22,100,1007,1,2,1,3,4,3,4,1,4,3,2,3,4,4,6,2,2,6,1,1,1,1,1,7,7,1,7,2,1,1,7,4,2,7,4,7,7,52,1, ,5,4.16666666666667,4,3.45454545454545,2.75
d800ef12-bdb7-d7ef-ec46-db2b55f20df0,2,10/20/2022 18:25:46,10/20/2022 18:44:13,100,1107,1,2,1,3,4,4,5,4,4,4,4,4,4,4,4,4,4,4,4,4,4,4,4,4,4,1,2,7,1,4,5,4,4,7,1,4,7,52,2, ,3,3.91666666666667,4,4.09090909090909,4
6a1cc7c7-3800-9596-e493-f337974efb2a,2,10/20/2022 22:40:44,10/20/2022 22:59:05,100,1100,1,2,1,4,7,7,7,7,2,7,7,7,7,7,7,2,1,1,1,7,6,7,6,7,6,2,7,7,1,2,7,2,2,7,2,1,7,53,2, ,3,3.91666666666667,6.5,6.54545454545455,1.25
9900727c-e881-fc40-9128-462bd723da94,2,10/20/2022 13:50:48,10/20/2022 14:15:23,100,1474,1,2,1,4,6,6,6,4,5,6,6,7,6,6,6,2,2,2,2,6,2,5,5,5,5,1,5,3,1,2,2,2,2,2,2,6,5,53,2, ,2,2.75,5,5.81818181818182,2
91b3244d-beb8-bcd3-4d19-109873dd3da0,2,10/20/2022 23:39:28,10/21/2022 0:10:14,100,1845,1,2,1,3,5,5,5,6,3,4,4,3,5,3,6,4,4,6,6,5,4,2,2,4,4,4,4,3,3,3,6,6,4,5,4,6,3,57,2, ,2,4.25,3,4.45454545454545,5
a38e6d47-83d8-2a54-7313-59a59c3902a9,2,10/21/2022 0:08:29,10/21/2022 0:17:56,100,566,1,2,1,3,5,5,6,6,3,6,6,5,7,6,5,3,2,3,3,2,2,3,5,6,6,2,6,6,2,2,6,2,4,6,2,3,6,60,2, ,4,3.91666666666667,5,5.45454545454545,2.75
a235580a-89db-5eea-c75e-6c1ece2127e9,2,10/21/2022 0:26:27,10/21/2022 0:36:52,100,624,1,2,1,3,6,6,6,4,6,6,4,6,6,6,6,3,2,4,2,5,2,2,1,6,5,2,6,6,2,1,6,3,2,2,2,2,4,62,2, ,4,3.16666666666667,3.5,5.63636363636364,2.75
322dbf92-3969-1220-ccc6-8b06eca7937a,2,10/20/2022 19:58:51,10/20/2022 20:25:32,100,1600,1,2,1,4,5,1,6,1,6,5,7,6,6,6,6,2,1,3,2,3,5,2,1,5,7,1,6,5,1,3,7,1,5,4,5,1,1,63,1, ,4,3.33333333333333,3.75,5,2
ce59b336-4e93-b20f-b562-87728baee2db,2,10/20/2022 18:28:01,10/20/2022 18:32:52,100,291,1,2,1,3,4,5,4,5,3,4,2,4,4,4,3,4,4,4,5,6,6,5,5,5,4,4,5,4,3,4,5,4,5,5,3,3,5,64,2, ,2,4.16666666666667,4.75,3.81818181818182,4.25
84b96b46-8594-8f1e-5d12-5f92ac8022a3,2,10/20/2022 21:23:47,10/20/2022 21:33:14,100,566,1,2,1,4,1,1,1,1,1,1,1,1,1,1,1,7,7,7,7,7,7,1,1,1,1,7,7,1,1,7,1,6,7,1,7,7,1,64,2, ,1,4.41666666666667,1,1,7
dc9b3b08-8ae4-8240-775c-0fb0181f23eb,2,10/20/2022 18:47:31,10/20/2022 19:00:39,100,788,1,2,1,3,4,4,4,5,4,4,3,4,4,5,3,3,4,3,3,5,4,4,3,5,5,3,6,5,3,3,6,5,5,5,5,5,6,65,2, ,3,4.75,4.25,4,3.25
2a621f06-388b-6434-8e52-2b49743f04e4,2,10/20/2022 18:11:36,10/20/2022 18:29:03,100,1047,1,2,1,3,7,7,6,7,2,7,7,7,7,7,7,1,1,1,1,7,1,1,5,7,6,4,6,7,2,1,7,1,1,4,1,1,4,65,2, ,4,3.25,4.75,6.45454545454545,1
376db33a-c058-60eb-8a6e-87460a9078df,2,10/20/2022 20:59:59,10/20/2022 21:10:32,100,633,1,2,1,4,6,6,6,6,6,6,6,6,6,6,6,2,1,2,2,7,6,3,6,7,6,2,6,4,1,1,7,1,1,3,5,4,2,65,2, ,4,3.08333333333333,5.5,6,1.75
9ffe712b-44f6-a75d-007f-45d565a4e9cd,2,10/20/2022 23:29:08,10/20/2022 23:56:58,100,1669,1,2,1,4,6,6,6,6,6,6,6,6,6,6,6,2,6,2,2,6,2,2,2,5,2,2,6,6,2,2,7,3,4,5,2,4,6,66,2, ,3,4.08333333333333,2.75,6,3
24ef514d-81a3-f1f3-0819-65c4ec7a45ae,2,10/20/2022 21:03:07,10/20/2022 21:15:27,100,739,1,2,1,3,5,4,5,5,5,6,5,5,4,5,5,4,4,4,4,4,5,5,5,5,5,2,4,5,2,2,6,2,1,6,1,1,4,68,2, ,4,3,5,4.90909090909091,4
3781f947-83af-dbc6-1113-cdaabaf033a4,2,10/20/2022 13:22:03,10/20/2022 13:28:48,100,405,1,2,1,3,5,5,4,4,4,3,3,3,4,5,3,5,4,3,3,5,6,2,4,5,5,1,4,5,1,4,3,3,5,5,2,5,4,69,2, ,3,3.5,4,3.90909090909091,3.75
3ef25a8f-53cf-6d10-1edb-6ed9153e9b6c,2,10/20/2022 18:22:40,10/20/2022 18:32:59,100,619,1,2,1,4,6,4,4,2,5,6,6,6,4,4,3,3,4,3,1,6,4,3,3,5,5,1,5,5,1,2,6,1,1,5,2,7,7,72,2, ,3,3.58333333333333,4,4.54545454545455,2.75
2604bc1f-f67b-66b8-e64b-882f15a2d7f9,2,10/20/2022 19:17:21,10/20/2022 19:43:01,100,1540,1,2,1,4,4,4,4,4,5,4,4,4,3,4,5,3,3,3,3,3,4,4,5,6,5,3,5,5,3,2,5,2,2,5,2,1,2,72,2, ,2,3.08333333333333,5,4.09090909090909,3
410f1ca8-eafe-b23c-e6fc-2824e75dd84c,2,10/20/2022 16:50:05,10/20/2022 17:01:19,100,673,1,2,1,3,5,4,5,5,5,6,4,5,5,5,4,4,3,2,4,4,4,4,3,6,5,2,5,5,1,2,4,1,3,4,1,2,6,73,2, ,3,3,4.5,4.81818181818182,3.25
0508852f-a06b-e9e1-f37b-b1237f0664cd,2,10/20/2022 22:12:56,10/20/2022 22:36:26,100,1409,1,2,1,4,6,6,4,2,5,6,5,6,2,6,3,2,1,4,3,6,7,2,1,1,1,1,7,1,1,1,1,2,2,6,1,2,2,74,2, ,2,2.25,1.25,4.63636363636364,2.5
75,1,12/15/2021 13:24:25,12/15/2021 13:36:21,100,716,1,2,1,4,4,5,4,3,6,6,6,6,5,5,4,4,3,3,4,5,5,3,3,5,5,1,7,3,1,3,5,2,2,4,2,3,3,59,2,African-American,2,3,4,4.90909090909091,3.5
148,1,12/15/2021 11:56:30,12/15/2021 12:05:46,100,555,1,2,1,3,4,6,5,6,2,2,4,1,4,5,4,4,5,1,1,4,6,6,4,7,6,3,6,7,2,1,4,5,3,7,4,3,7,38,2,Black,4,4.33333333333333,5.75,3.90909090909091,2.75
157,1,12/15/2021 11:58:03,12/15/2021 12:06:17,100,493,1,2,1,3,5,4,4,3,4,5,4,4,3,4,5,5,3,5,3,3,5,3,5,6,5,4,6,2,2,2,6,4,2,3,3,4,5,34,2,Black,2,3.58333333333333,4.75,4.09090909090909,4
159,1,12/15/2021 12:00:37,12/15/2021 12:09:27,100,530,1,2,1,4,4,3,2,4,3,4,2,3,3,3,2,4,4,4,3,5,4,4,5,6,5,3,7,4,2,4,5,4,5,5,4,4,6,33,2,Black,3,4.41666666666667,5,3,3.75
179,1,12/15/2021 11:24:37,12/15/2021 11:31:02,100,384,1,2,1,4,2,2,5,3,4,2,4,2,5,4,1,4,3,2,2,4,4,4,4,5,4,3,6,5,4,4,5,2,5,6,6,4,6,21,2,Black,3,4.66666666666667,4.25,3.09090909090909,2.75
8a9bc169-93bf-5386-733d-f5b011102884,2,10/20/2022 16:25:44,10/20/2022 16:33:13,100,448,1,2,2,4,4,2,2,4,4,6,6,6,4,4,4,4,2,4,4,2,4,2,2,4,4,1,4,6,1,4,4,1,2,4,1,4,4,24,2, ,3,3,3,4.18181818181818,3.5
91a08a19-5f64-561c-474d-be8be0b87bfb,2,10/20/2022 21:01:38,10/20/2022 21:06:06,100,268,1,2,2,2,6, ,6,5,1,4,1,2,5,4,4,3,7,2,1,7,5,7,6,5,7,5,6,7,5,6,5,5,7,5,7,6,4,26,2, ,3,5.66666666666667,6.25,3.8,3.25
02cc611f-5569-4317-2b4b-55e790b7f6fa,2,10/20/2022 20:33:22,10/20/2022 20:43:02,100,579,1,2,2,3,5,5,5,4,4,7,7,7,4,4,3,3,4,1,1,5,4,5,7,7,7,1,5,7,1,4,7,4,1,7,1,4,7,27,2, ,3,4.08333333333333,6.5,5,2.25
80797cc8-7293-c8ea-949c-4852ee34cc25,2,10/20/2022 19:00:31,10/20/2022 19:04:49,100,258,1,2,2,4,4,4,4,2,4,4,4,4,4,4,4,4,4,4,4,4,4,4,4,4,4,4,4,4,4,4,4,4,4,4,4,4,4,27,2, ,3,4,4,3.81818181818182,4
62060583-15b5-d542-e3d7-312d2fd9b361,2,10/20/2022 21:59:02,10/20/2022 22:04:17,100,315,1,2,2,3,5,2,2,2,6,5,4,2,2,2,6,6,2,4,6,6,7,2,6,6,4,1,7,4,1,2,6,2,6,4,2,4,2,28,2, ,2,3.41666666666667,4.5,3.45454545454545,4.5
8f4fd0eb-029a-92fd-a3bf-e464b5253209,2,10/20/2022 18:14:34,10/20/2022 18:20:24,100,350,1,2,2,3,4,4,5,5,7,7,7,7,5,5,2,1,2,2,2,4,4,3,3,7,5,2,7,7,1,3,7,3,4,5,5,1,5,31,2, ,3,4.16666666666667,4.5,5.27272727272727,1.75
b040369a-0f1a-6c07-bcce-026b9ddd0366,2,10/21/2022 0:04:49,10/21/2022 0:10:17,100,327,1,2,2,3,5,5,5,6,3,7,5,4,5,4,6,3,5,4,4,4,3,5,5,7,2,1,2,7,1,1,7,1,2, ,2,1,5,32,2, ,4,2.72727272727273,4.75,5,4
72c03bfd-56b8-9f57-27a9-0feba2dff21f,2,10/20/2022 21:04:33,10/20/2022 21:09:56,100,322,1,2,2,2,4,4,4,4,4,4,4,4,4,3,4,4,4,4,4,4,4,1,2,4,4,4,6,6,2,4,6,6,7,6,7,6,7,33,2, ,2,5.58333333333333,2.75,3.90909090909091,4
82102b2e-d1d4-f0e6-eb7a-1f3bf60dd5cc,2,10/20/2022 22:25:27,10/20/2022 22:35:52,100,624,1,2,2,3,7,6,5,5,3,7,4,7,4,4,3,2,1,1,3,7,7,6,6,7,4,4,7,2,2,3,3,3,2,2,2,2,7,34,2, ,3,3.25,5.75,5,1.75
3a186c9c-ad6d-2b10-eac8-583306d4737e,2,10/21/2022 0:15:20,10/21/2022 0:20:50,100,329,1,2,2,4,1,1,1,1,1,1,1,1,1,1,1,7,7,7,7,1,7,7,7,7,7,4,7,7,1,5,7,2,5,7,2,7,7,35,2, ,3,5.08333333333333,7,1,7
cc7f6a0d-0995-d59b-8659-5e543c292bef,2,10/20/2022 23:10:17,10/20/2022 23:21:12,100,654,1,2,2,4,6,2,2,6,6,2,2,2,2,2,3,5,2,3,2,6,7,2,1,5,5,1,7,2,2,1,4,2,4,5,2,6,4,35,2, ,3,3.33333333333333,3.25,3.18181818181818,3
85239f09-6029-f3bc-d85d-ab085ca467e3,2,10/20/2022 22:11:23,10/20/2022 22:30:39,100,1155,1,2,2,3,7,7,4,7,3,7,6,7,4,7,7,1,1,1,1,1,1,2,2,3,3,1,4,7,1,2,7,1,1,7,1,1,6,37,1, ,2,3.25,2.5,6,1
a907a9f5-be88-7237-95a1-9d2ce7dc3017,2,10/20/2022 12:47:37,10/20/2022 13:55:51,100,4093,1,2,2,4,7,7,7,6,7,6,6,7,6,7,6,1,1,1,2,5,1,5,5,7,7,1,6,7,1,1,7,3,3,7,6,5,7,39,1, ,2,4.5,6,6.54545454545455,1.25
7f64f058-1014-754f-9d0c-c44fc49532ba,2,10/20/2022 23:12:13,10/20/2022 23:20:25,100,492,1,2,2,3,4,4,5,3,4,4,6,5,4,5,4,2,3,4,3,4,4,1,3,6,5,2,2,4,1,3,5,4,3,5,4,3,4,40,2, ,3,3.33333333333333,3.75,4.36363636363636,3
3ad3e14d-789e-fe19-2119-d5f8ec83b6af,2,10/21/2022 0:30:30,10/21/2022 0:36:02,100,331,1,2,2,3,5,5,4,4,4,4,4,4,4,4,6,4,5,3,5,5,3,5,5,5,7,4,7,7,4,4,7,6,3,5,2,2,5,45,1, ,2,4.66666666666667,5.5,4.36363636363636,4.25
b6ad02be-3e02-6650-4bea-3686ac9b9c5d,2,10/20/2022 20:13:37,10/20/2022 20:23:23,100,586,1,2,2,3,4,4,5,4,3,5,4,3,4,5,4,5,2,1,2,5,4,1,4,5,4,4,5,5,4,4,3,4,4,6,3,4,6,45,2, ,3,4.33333333333333,3.5,4.09090909090909,2.5
6a12fb67-871f-7940-8033-cf3901a0388d,2,10/20/2022 12:52:05,10/20/2022 13:03:16,100,671,1,2,2,4,6,6,7,2,2,1,2,1,2,1,1,2,4,2,2,6,7,1,1,2,6,7,7,6,7,7,7,6,7,6,7,4,7,45,1, ,2,6.5,2.5,2.81818181818182,2.5
34ed24b9-c9fd-d036-09ed-10c6c7fa0e54,2,10/20/2022 21:25:03,10/20/2022 21:39:19,100,855,1,2,2,3,2,2,2,2,2,2,2,2,2,2,2,4,2,4,7,6,7,6,6,5,6,5,7,6,2,6,7,3,7,6,2,7,5,46,2, ,2,5.25,5.75,2,4.25
b894a390-9dee-7eae-7dc4-97bff2302773,2,10/20/2022 16:47:25,10/20/2022 16:54:19,100,413,1,2,2,4,4,5,4,4,3,5,5,5,4,5,5,2,2,3,3,6,3,5,5,6,5,4,5,6,2,4,6,4,3,5,3,6,7,46,1, ,2,4.58333333333333,5.25,4.45454545454545,2.5
8f1d5fd0-9611-3c54-d184-6b3619810a32,2,10/21/2022 3:37:20,10/21/2022 3:50:12,100,772,1,2,2,4,6,4,4,7,3,5,4,4,4,5,2,2,1,2,2,4,4,3,3,6,3,1,4,4,1,2,6,2,3,1,1,5,6,48,1, ,2,3,3.75,4.36363636363636,1.75
03d62c90-f450-2f60-37c4-18fd316f3772,2,10/20/2022 19:39:12,10/20/2022 19:50:40,100,688,1,2,2,2,6,3,5,4,4,5,4,3,4,4,3,3,2,4,3,6,4,6,7,7,7,1,7,7,1,3,7,4,1,7,1,4,5,49,2, ,1,4,6.75,4.09090909090909,3
e18e8b59-175a-f9ac-650d-bfa5e0d4a0ba,2,10/20/2022 15:55:17,10/20/2022 16:18:25,100,1387,1,2,2,4,6,6,6,4,6,6,6,6,6,6,6,2,2,2,2,4,4,2,2,2,4,1,4,6,1,4,6,2,4,4,1,4,6,49,2, ,2,3.58333333333333,2.5,5.81818181818182,2
fc68a65e-c793-af14-8f0a-92433ab87cbc,2,10/20/2022 20:44:38,10/20/2022 20:52:47,100,489,1,2,2,3,4,5,4,5,4,4,3,3,4,5,4,4,2,3,4,4,4,1,1,1,1,1,4,1,1,1,1,1,1,1,4,4,1,50,1, ,3,1.75,1,4.09090909090909,3.25
bf9ffc2c-5652-7ee8-7978-c8b4f9ec55ce,2,10/20/2022 20:24:08,10/20/2022 20:35:31,100,682,1,2,2,3,5,6,5,7,3,4,5,5,5,5,3,2,3,4,4,4,3,2,5,6,5,2,7,7,2,1,7,2,2,7,2,7,7,51,2, ,4,4.41666666666667,4.5,4.81818181818182,3.25
18414c4e-36e5-2f27-b91a-786a397916a9,2,10/20/2022 22:34:57,10/20/2022 22:44:27,100,569,1,2,2,3,4,3,4,5,4,5,2,4,4,3,2,6,4,5,6,6,4,3,3,4,3,3,7,7,1,1,4,1,3,4,2,2,5,57,2, ,2,3.33333333333333,3.25,3.63636363636364,5.25
ff1d7ee3-c532-1b72-f4b7-4a36e2a4fe0e,2,10/20/2022 16:29:40,10/20/2022 16:40:46,100,665,1,2,2,3,6,5,5,5,6,4,6,6,4,5,2,2,3,4,6,5,4,1,4,2,2,5,5,5,3,2,5,4,3,6,6,2,3,57,1, ,3,4.08333333333333,2.25,4.90909090909091,3.75
3f9d42a9-721f-4381-71fd-76b65f6c4e4b,2,10/20/2022 18:27:55,10/20/2022 18:35:23,100,447,1,2,2,4,4,2,4,1,1,1,1,1,1,6,1,1,1,1,7,7,1,7,7,7,7,1,7,7,1,4,4,4,1,7,1,7,1,57,2, ,4,3.75,7,2.09090909090909,2.5
ae70c79a-1134-47c1-91ce-f35b798cd379,2,10/20/2022 20:06:04,10/20/2022 20:55:14,100,2950,1,2,2,3,4,2,3,3,3,4,2,2,2,2,4,7,6,6,4,6,7,3,5,5,7,3,5,5,2,4,7,1,4,7,1,5,7,59,2, ,2,4.25,5,2.81818181818182,5.75
b6f956c9-326b-eab6-059d-62d2b5d43f31,2,10/21/2022 0:07:39,10/21/2022 0:22:31,100,892,1,2,2,4,6,6,6,5,6,7,5,7,7,6,4,2,1,1,3,6,4,2,2,6,5,1,7,3,1,3,5,1,2,3,1,2,6,64,2, ,2,2.91666666666667,3.75,5.90909090909091,1.75
55583061-e9bf-09bb-ab35-047303453683,2,10/21/2022 0:49:08,10/21/2022 1:02:32,100,803,1,2,2,3,6,5,4,6,6,4,4,6,4,6,6,3,4,4,3,5,4,5,2,3,3,4,5,5,1,1,7,2,4,5,2,2,7,65,2, ,4,3.75,3.25,5.18181818181818,3.5
bf5c4ac5-49e1-6ffc-bb91-7e77f637e227,2,10/20/2022 20:36:03,10/20/2022 20:55:37,100,1173,1,2,2,4,4,4,4,4,4,5,3,5,4,4,3,3,2,3,4,3,3,2,1,5,5,1,7,5,1,1,5,1,1,4,1,5,3,65,1, ,3,2.91666666666667,3.25,4,3
0c7d5e16-74bd-27eb-9942-6a5601cff5f4,2,10/20/2022 21:16:22,10/20/2022 21:30:31,100,848,1,2,2,3,4,5,5,5,5,5,5,5,5,5,5,3,3,3,2,4,4,3,2,2,3,2,3,2,1,2,3,1,1,2,2,3,4,66,2, ,4,2.16666666666667,2.5,4.90909090909091,2.75
fbbe72f9-d9c2-5b1b-5bad-4695d5001c1d,2,10/20/2022 21:37:09,10/20/2022 21:52:03,100,893,1,2,2,4,6,2,4,7,6,6,4,6,4,2,2,6,1,2,2,6,6,4,2,6,5,1,5,6,1,1,7,1,2,7,1,5,7,69,2, ,2,3.66666666666667,4.25,4.45454545454545,2.75
01672d42-f8b2-0381-9016-194c4e7f53ae,2,10/21/2022 2:13:27,10/21/2022 2:20:07,100,399,1,2,2,4,6,6,6,5,6,6,5,5,5,6,6,2,2,3,2,5,4,3,2,3,2,3,6,3,2,3,6,2,3,2,1,3,2,70,1, ,2,3,2.5,5.63636363636364,2.25
0bab8282-0486-a50e-45d6-b680f566b660,2,10/20/2022 17:02:19,10/20/2022 17:22:03,100,1184,1,2,2,3,6,6,5,4,6,6,5,7,6,6,6,2,2,2,2,6,2,2,2,3,1,2,6,4,1,5,7,2,1,3,2,2,7,73,2, ,2,3.5,2,5.72727272727273,2
b2ab26b4-39ec-0d8d-3fe0-1280e3bc8e57,2,10/20/2022 14:46:51,10/20/2022 15:07:40,100,1248,1,2,2,3,6,5,6,6,4,4,5,5,5,5,4,3,2,2,2,5,5,4,3,4,5,2,5,3,2,2,6,2,4,4,5,2,5,73,1, ,3,3.5,4,5,2.25
74,1,12/15/2021 12:05:28,12/15/2021 12:16:06,100,638,1,2,2,3,4,4,4,4,4,4,4,4,4,4,4,4,4,4,4,5,4,3,3,3,3,2,3,3,1,1,4,4,4,4,3,4,6,59,2,Black,5,3.25,3,4,4
77,1,12/15/2021 12:02:14,12/15/2021 12:07:14,100,300,1,2,2,3,7,7,7,7,1,3,2,5,7,5,3,1,4,3,2,4,6,1,1,5,6,6,7,7,4,2,7,4,3,5,1,7,7,58,1,Black,3,5,3.25,4.90909090909091,2.5
108,1,12/15/2021 12:01:30,12/15/2021 12:13:32,100,722,1,2,2,3,4,5,3,3,4,4,6,3,5,4,5,3,3,4,4,4,3,1,5,5,5,1,5,5,1,3,5,3,3,7,1,5,5,50,2,Black,3,3.66666666666667,4,4.18181818181818,3.5
136,1,12/15/2021 13:43:40,12/15/2021 13:52:33,100,533,1,2,2,4,4,1,4,1,3,4,1,1,1,2,1,7,7,7,1,7,7,6,6,7,7,1,6,7,1,2,7,1,5,4,1,2,4,42,2,Black,2,3.41666666666667,6.5,2.09090909090909,5.5
144,1,12/15/2021 12:19:58,12/15/2021 12:26:07,100,368,1,2,2,3,7,7,7,7,3,6,7,7,7,7,6,1,1,2,2,1,1,1,1,2,1,1,5,6,1,3,7,1,5,3,4,3,6,38,1,African American,2,3.75,1.25,6.45454545454545,1.5
155,1,12/15/2021 12:21:57,12/15/2021 12:31:46,100,589,1,2,2,3,5,3,4,5,4,6,3,4,5,6,4,3, ,2,2,7,5,4,1,6,4,2,7,7,1,2,6,4,2,6,1,4,6,35,1,Black,4,4,3.75,4.45454545454545,2.33333333333333
2,1,12/15/2021 11:52:56,12/15/2021 12:04:06,100,670,2,1,1,3,6,7,6,6,6,7,7,7,6,7,7,2,3,1,1,2,5,3,5,6,6,2,6,6,2,4,7,3,2,6,5,5,7,82,1,White,3,4.58333333333333,5,6.54545454545455,1.75
5,1,12/15/2021 13:54:01,12/15/2021 14:02:09,100,487,2,1,1,3,5,4,5,5,4,5,5,5,5,5,4,3,3,3,3,5,5,2,3,5,5,3,5,5,2,3,5,4,4,4,3,3,5,80,2,white,2,3.83333333333333,3.75,4.72727272727273,3
11,1,12/15/2021 12:55:43,12/15/2021 13:06:08,100,625,2,1,1,4,7,7,7,7,7,7,7,7,7,7,7,1,1,1,1,7,4,1,1,4,3,1,1,7,1,1,4,1,1,1,1,1,1,77,1,White,3,1.75,2.25,7,1
19,1,12/15/2021 13:08:25,12/15/2021 13:17:35,100,549,2,1,1,3,4,5,3,5,3,5,5,4,4,3,5,4,3,4,4,4,5,2,3,3,4,1,3,4,1,3,4,2,1,4,4,3,4,74,1,White,3,2.83333333333333,3,4.18181818181818,3.75
30,1,12/15/2021 12:46:01,12/15/2021 12:52:36,100,394,2,1,1,3,5,4,5,3,5,5,5,6,5,4,5,3,2,3,3,3,4,2,3,5,3,1,4,3,1,3,5,3,2,3,1,5,6,70,2,Caucasian,2,3.08333333333333,3.25,4.72727272727273,2.75
31,1,12/15/2021 12:57:06,12/15/2021 13:16:21,100,1155,2,1,1,3,6,6,5,1,7,7,7,7,6,7,7,1,1,1,1,1,6,1,1,6,1,1,1,7,1,1,7,1,1,4,5,1,7,70,2,white,4,3.08333333333333,2.25,6,1
32,1,12/15/2021 12:10:13,12/15/2021 12:21:58,100,705,2,1,1,4,7,7,6,6,6,6,7,7,7,7,7,1,1,1, ,5,5,1,3,3,2,1,6,2,1,2,6,2,1,2,1,4,2,70,1,White,3,2.5,2.25,6.63636363636364,1
37,1,12/15/2021 12:21:48,12/15/2021 12:30:30,100,521,2,1,1,3,6,6,6,4,6,6,4,6,5,6,4,2,1,2,3,7,4,4,6,6,6,4,4,7,2,4,7,5,5,5,4,1,5,69,2,Caucasian,2,4.41666666666667,5.5,5.36363636363636,2
38,1,12/15/2021 13:32:48,12/15/2021 13:40:49,100,481,2,1,1,3,2,2,2,6,3,2,2,2,1,2,3,6,4,5,7,6,1,4,4,7,6,1,3,5,2,5,5,1,1,6,4,6,7,69,2,White,4,3.83333333333333,5.25,2.45454545454545,5.5
39,1,12/15/2021 14:01:07,12/15/2021 14:10:20,100,553,2,1,1,3,7,7,7,4,4,7,7,7,7,7,5,2,1,2,2,4,5,2,3,5,3,3,4,3,1,4,5,3,3,4,2,1,4,69,2,White,4,3.08333333333333,3.25,6.27272727272727,1.75
50,1,12/15/2021 12:40:54,12/15/2021 12:48:01,100,426,2,1,1,3,4,3,3,3,2,2,2,2,5,4,4,4,3,4,4,6,4,1,1,1,1,1,1,1,1,1,1,1,1,4,1,1,1,66,1,White,4,1.25,1,3.09090909090909,3.75
51,1,12/15/2021 12:42:57,12/15/2021 12:53:47,100,649,2,1,1,4,6,6,6,6,7,6,6,7,6,6,4,1,1,2,2,2,4,2,2,2,3,1,3,1,1,1,1,1,1,1,1,1,1,66,2,white,4,1.16666666666667,2.25,6,1.5
52,1,12/15/2021 12:53:56,12/15/2021 13:00:55,100,419,2,1,1,4,4,4,2,5,3,3,4,3,3,3,4,4,4,6,4,4,4,5,7,7,4,1,1,5,1,1,2,1,1,6,4,3,7,66,2,White,4,2.75,5.75,3.45454545454545,4.5
56,1,12/15/2021 13:07:11,12/15/2021 13:31:59,100,1488,2,1,1,3,6,6,5,4,5,6,5,6,4,5,4,3,1,3,4,5,5,4,5,4,3,2,4,4,2,3,3,3,2,1,2,3,4,65,1,white,3,2.75,4,5.09090909090909,2.75
57,1,12/15/2021 12:27:20,12/15/2021 12:37:23,100,603,2,1,1,4,5,4,4,5,4,6,4,5,5,5,4,2,3,3,3,5,4,3,4,4,3,1,4,3,1,4,3,1,1,4,1,3,5,65,2,white,4,2.58333333333333,3.5,4.63636363636364,2.75
60,1,12/15/2021 14:28:12,12/15/2021 14:34:26,99,373,2,1,1,2,5,5,5,4,5,5,5,5,5,5,5,3,3,3,3,3,4,3,3,3,3,3,4,3,3,3,5,3,3,4,3,3,3,63,1,white,4,3.33333333333333,3,4.90909090909091,3
63,1,12/15/2021 12:06:09,12/15/2021 12:12:44,100,395,2,1,1,4,5,5,5,5,6,6,6,6,6,6,6,2,1,2,2,3,4,1,1,2,2,1,4,2,1,1,1,1,1,2,1,1,3,62,1,White,4,1.58333333333333,1.5,5.63636363636364,1.75
66,1,12/15/2021 12:37:36,12/15/2021 12:51:15,100,819,2,1,1,2,7,7,7,4,3,4,5,5,6,6,5,2,4,3,2,5,4,1,1,4,3,4,5,4,1,5,6,3,2,5,4,4,4,61,2,White,3,3.91666666666667,2.25,5.36363636363636,2.75
67,1,12/15/2021 12:30:47,12/15/2021 12:35:52,100,305,2,1,1,3,5,6,5,7,2,6,6,6,5,4,2,2,1,2,1,3,4,2,6,6,2,4,7,7,2,6,6,6,4,6,6,6,6,51,1,White,3,5.5,4,4.90909090909091,1.5
68,1,12/15/2021 14:13:18,12/15/2021 14:25:51,100,752,2,1,1,4,6,6,6,6,7,7,7,7,6,6,4,1,1,1,2,3,4,1,1,2,2,1,4,1,1,2,6,1,1,1,1,3,2,62,1,white,3,2,1.5,6.18181818181818,1.25
70,1,12/15/2021 20:30:26,12/15/2021 20:40:28,100,601,2,1,1,3,6,6,6,4,7,7,4,6,6,5,6,6,1,3,4,2,3,2,2,5,2,1,2,1,1,3,1,2,2,1,2,3,2,60,1,white,3,1.75,2.75,5.72727272727273,3.5
71,1,12/15/2021 12:32:09,12/15/2021 12:43:13,100,663,2,1,1,4,7,7,7,4,7,7,7,7,6,7,6,1,1,1,1,3,3,2,1,4,5,1,4,2,1,2,4,1,1,5,1,2,3,60,2,White,3,2.25,3,6.54545454545455,1
85,1,12/15/2021 12:31:10,12/15/2021 12:39:47,100,516,2,1,1,4,7,6,6,4,7,7,7,7,7,7,7,1,1,1,1,1,1,1,2,5,1,1,1,1,1,1,1,1,1,1,1,1,5,56,2,White,4,1.33333333333333,2.25,6.54545454545455,1
86,1,12/15/2021 13:12:05,12/15/2021 13:26:01,100,835,2,1,1,4,6,6,6,6,6,7,2,6,6,6,6,2,6,2,2,4,2,5,5,4,5,1,6,7,1,5,7,3,2,3,1,5,6,56,2,White,2,3.91666666666667,4.75,5.72727272727273,3
91,1,12/15/2021 15:31:14,12/15/2021 15:44:36,100,801,2,1,1,3,7,7,7,7,2,6,2,3,3,2,3,1,1,3,1,7,6,4,5,6,3,1,1,6,1,1,2,1,1,7,2,1,6,54,1,white,5,2.5,4.5,4.45454545454545,1.5
94,1,12/15/2021 13:13:48,12/15/2021 13:31:26,100,1057,2,1,1,3,6,6,6,3,7,6,7,7,6,7,6,1,1,1,1,4,5,2,6,7,7,1,7,5,1,6,6,2,2,4,2,5,2,53,1,White,3,3.58333333333333,5.5,6.09090909090909,1
101,1,12/15/2021 12:00:33,12/15/2021 12:18:58,100,1105,2,1,1,4,7,7,7,4,1,7,7,7,7,7,7,1,1,1,1,4,4,1,5,7,7,3,7,7,1,4,7,4,4,7,4,1,7,52,2,White,3,4.66666666666667,5,6.18181818181818,1
104,1,12/15/2021 13:17:12,12/15/2021 13:32:54,100,941,2,1,1,3,6,5,5,6,6,6,6,6,5,6,4,2,1,2,4,5,5,2,5,5,2,2,3,2,1,2,5,2,2,4,2,5,2,51,1,White,3,2.66666666666667,3.5,5.54545454545455,2.25
114,1,12/15/2021 13:47:58,12/15/2021 14:01:13,100,794,2,1,1,3,5,5,5,2,6,5,6,6,5,6,5,2,2,2,4,4,6,2,2,5,5,2,5,1,2,3,6,2,5,4,1,4,4,48,1,White,3,3.25,3.5,5.09090909090909,2.5
122,1,12/15/2021 12:14:55,12/15/2021 12:20:51,100,355,2,1,1,2,5,5,5,5,4,4,4,4,5,6,5,4,1,3,4,4,4,3,2,5,5,2,5,4,1,2,6,3,4,3,1,4,5,46,1,White,3,3.33333333333333,3.75,4.72727272727273,3
125,1,12/15/2021 11:58:08,12/15/2021 12:05:42,100,454,2,1,1,2,4,4,4,4,3,4,4,4,4,5,4,4,4,4,4,4,4,4,4,6,4,4,6,5,1,1,1,4,4,4,4,4,4,45,2,White,3,3.5,4.5,4,4
130,1,12/15/2021 12:08:06,12/15/2021 12:17:11,100,545,2,1,1,3,6,7,7,6,6,7,7,7,7,6,6,2,1,1,4,5,2,2,5,3,2,2,4,4,2,3,5,2,2,2,2,4,2,43,2,Caucasian,3,2.83333333333333,3,6.54545454545455,2
141,1,12/15/2021 12:07:20,12/15/2021 12:13:02,100,341,2,1,1,3,1,1,1,6,1,1,2,4,7,7,1,1,7,1,1,7,7,4,5,7,7,2,5,7,1,4,7,1,1,7,1,1,1,40,2,White,4,3.16666666666667,5.75,2.90909090909091,2.5
149,1,12/15/2021 12:21:20,12/15/2021 12:26:55,100,334,2,1,1,3,4,5,5,4,4,4,5,5,5,5,3,3,2,3,3,5,5,5,6,5,3,4,5,3,2,3,3,3,5,3,2,5,7,36,1,White,2,3.75,4.75,4.45454545454545,2.75
150,1,12/15/2021 12:03:28,12/15/2021 12:09:14,100,345,2,1,1,4,5,5,4,4,4,3,4,4,3,5,6,6,2,4,3,6,4,1,3,3,4,5,6,6,4,2,4,5,5,4,3,2,5,36,2,White,3,4.25,2.75,4.27272727272727,3.75
154,1,12/15/2021 12:14:34,12/15/2021 12:21:26,100,412,2,1,1,4,6,6,6,3,4,7,6,7,4,6,4,2,1,2,6,2,6,1,1,2,3,1,7,2,1,6,7,4,3,6,7,7,2,33,1,White,2,4.41666666666667,1.75,5.36363636363636,2.75
162,1,12/15/2021 11:55:32,12/15/2021 12:04:41,100,548,2,1,1,3,4,2,4,5,6,6,6,6,4,4,6,4,1,4,4,2,2,4,2,5,2,2, ,1,2,6,6,7,2,2,7,7,2,32,2,White,1,4,3.25,4.81818181818182,3.25
168,1,12/15/2021 12:45:15,12/15/2021 12:55:30,100,615,2,1,1,3,6,6,5,4,3,5,3,6,5,5,3,4,2,3,6,5,6,2,6,6,4,4,6,4,2,5,4,4,3,4,4,5,3,28,1,White,2,4,4.5,4.63636363636364,3.75
181,1,12/15/2021 12:01:25,12/15/2021 12:09:40,100,494,2,1,1,3,6,7,7,5,5,6,6,6,6,6,6,2,1,1,1,4,4,3,5,7,3,2,3,5,1,2,2,3,1,4,2,2,3,20,2,white,4,2.5,4.5,6,1.25
6,1,12/15/2021 12:37:15,12/15/2021 12:46:49,100,573,2,1,2,4,7,7,4,6,4,7,7,7,7,7,6,1,1,1,4,2,7,1,6,3,2,1,1,6,1,2,7,1,1,4,1,2,7,79,2,white,4,2.83333333333333,3,6.27272727272727,1.75
9,1,12/15/2021 12:32:02,12/15/2021 12:45:06,100,784,2,1,2,3,6,7,7,7,4,4,6,6,6,6,4,2,2,2,2,7,4,4,3,5,5,2,4,6,2,6,4,3,4,6,2,4,6,77,2,White,3,4.08333333333333,4.25,5.72727272727273,2
12,1,12/15/2021 13:14:05,12/15/2021 13:26:29,100,744,2,1,2,4,6,6,6,5,5,6,6,6,6,6,5,2,2,2,2,3,4,2,5,3,3,1,6,3,1,4,3,1,2,2,1,3,1,76,2,white,3,2.33333333333333,3.25,5.72727272727273,2
17,1,12/15/2021 12:56:22,12/15/2021 13:09:59,100,817,2,1,2,4,6,6,6,4,5,5,6,6,4,5,4,3,3,4,4,4,4,2,2,4,3,1,1,4,1,2,5,2,2,4,2,2,4,74,2,white,4,2.5,2.75,5.18181818181818,3.5
18,1,12/15/2021 12:57:24,12/15/2021 13:04:03,100,398,2,1,2,4,6,6,6,5,3,7,6,7,6,6,3,1,1,4,4,3,6,1,2,5,1,1,2,2,1,2,1,2,1,1,1,1,2,74,4,White,3,1.41666666666667,2.25,5.54545454545455,2.5
20,1,12/15/2021 12:53:10,12/15/2021 13:06:40,100,809,2,1,2,4,6,6,7,5,7,7,7,7,6,6,7,1,1,2,1,6,6,1,1,1,1,1,7,4,1,7,7,1,1,3,1,1,2,73,1,white,3,3,1,6.45454545454545,1.25
22,1,12/15/2021 12:45:45,12/15/2021 13:01:00,99,915,2,1,2,4,7, ,6,4,4,7,7,7,6,6,3,1,1,4,3,1,4,5,7,7,3,1,4,1,1,3,3,4,1,1,1,1,1,72,1,White European,2,1.83333333333333,5.5,5.7,2.25
24,1,12/15/2021 12:55:59,12/15/2021 14:05:43,100,4184,2,1,2,4,7,7,7,7,7,7,7,7,7,7,7,1,1,1,1,1,7,1,1,1,1,1,1,1,1,1,1,1,1,1,1,1,1,71,1,White,5,1,1,7,1
27,1,12/15/2021 12:34:06,12/15/2021 12:59:13,100,1506,2,1,2,2,7,7,7,7,1,1,1,1,7,7,1,1,7,1,1,7,7,2,2,5,1,1,7,7,1,1,7,1,1,1,1,1,7,70,2,white,5,3,2.5,4.27272727272727,2.5
28,1,12/15/2021 13:08:44,12/15/2021 13:17:14,100,510,2,1,2,3,7,7,7,6,1,7,7,7,7,7,6,1,1,1,1,7,6,4,4,4,4,2,1,7,1,1,6,2,1,7,1,2,6,71,2,White,4,3.08333333333333,4,6.27272727272727,1
29,1,12/15/2021 13:00:10,12/15/2021 13:08:34,100,504,2,1,2,4,7,7,7,5,7,7,7,7,7,7,5,1,1,1,1,2,4,1,4,3,2,1,2,2,1,1,4,1,1,4,1,1,2,70,2,Caucasian,4,1.75,2.5,6.63636363636364,1
34,1,12/15/2021 12:54:47,12/15/2021 13:05:50,100,662,2,1,2,3,5,6,5,4,4,4,4,5,5,5,3,3,3,3,3,4,3,5,5,5,5,4,6,4,4,5,3,6,5,5,5,6,5,69,2,white,1,4.83333333333333,5,4.54545454545455,3
41,1,12/15/2021 13:37:28,12/15/2021 13:47:36,100,608,2,1,2,2,6,6,6,6,3,6,4,3,4,4,4,3,5,3,3,6,4,5,5,5,6,2,5,6,5,5,6,4,5,5,5,2,5,67,2,White,4,4.58333333333333,5.25,4.72727272727273,3.5
42,1,12/15/2021 13:01:55,12/15/2021 13:10:34,100,518,2,1,2,4,7,7,7,7,5,7,7,7,6,6,5,1,1,1,1,5,4,1,5,5,1,1,3,7,1,1,7,5,2,5,4,1,6,68,2,White,4,3.58333333333333,3,6.45454545454545,1
47,1,12/15/2021 12:43:25,12/15/2021 12:53:03,100,577,2,1,2,4,5,6,6,3,5,7,7,7,6,6,5,1,1,1,1,2,4,1,2,1,2,1,5,7,1,1,7,2,1,2,1,5,2,66,1,White,4,2.91666666666667,1.5,5.72727272727273,1
53,1,12/15/2021 13:24:57,12/15/2021 13:36:39,100,701,2,1,2,2,4,5,5,5,4,4,5,5,4,5,5,3,3,3,3,4,5,4,3,5,4,5,7,5,4,4,5,4,1,5,4,3,7,65,2,white,4,4.5,4,4.63636363636364,3
54,1,12/15/2021 12:32:28,12/15/2021 12:41:07,100,518,2,1,2,4,5,4,5,5,5, ,5,7,5,5,6,2,2,4,4,5,4,1,4,4,3,2,7,2,2,5,4,4,5,2,4,5,4,65,1,White,2,3.83333333333333,3,5.2,3
61,1,12/15/2021 12:46:40,12/15/2021 12:56:45,100,605,2,1,2,4,5,7,6,5,5,6,6,6,6,5,6,3,2,3,3,4,3,2,1,5,2,2,5,7,1,7,6,2,1,5,1,2,7,62,2,White,4,3.83333333333333,2.5,5.72727272727273,2.75
69,1,12/15/2021 19:44:30,12/15/2021 19:53:52,100,561,2,1,2,3,4,5,4,3,5,5,5,6,5,5,5,3,2,3,3,5,5,3,3,5,5,3,5,5,1,3,5,2,2,5,2,3,3,60,1,White,4,3.25,4,4.72727272727273,2.75
76,1,12/15/2021 12:20:19,12/15/2021 12:32:55,100,755,2,1,2,3,4,5,5,4,4,5,4,4,5,5,4,3,4,3,4,5,4,2,3,5,5,4,5,5,4,4,5,3,4,3,4,3,4,58,1,White,3,4,3.75,4.45454545454545,3.5
78,1,12/15/2021 12:53:22,12/15/2021 13:08:05,100,882,2,1,2,4,5,5,4,5,6,6,6,6,5,6,6,2,2,2,4,3,4,2,2,4,4,2,5,3,2,2,4,4,2,4,2,3,4,57,2,white,3,3.08333333333333,3,5.45454545454545,2.5
84,1,12/16/2021 5:32:19,12/16/2021 5:41:40,100,560,2,1,2,2,4,5,6,4,4,4,4,4,4,4,4,4,4,4,4,4,4,6,4,5,2,5,4,5,3,6,4,4,5,5,4,4,4,57,1,White,3,4.41666666666667,4.25,4.27272727272727,4
88,1,12/15/2021 14:39:45,12/15/2021 14:51:37,100,712,2,1,2,3,7,7,7,7,7,7,6,7,6,7,7,1,1,1,1,5,4,1,1,4,1,1,1,1,1,6,7,1,5,4,1,1,1,54,1,Caucasian,1,2.5,1.75,6.81818181818182,1
89,1,12/15/2021 12:33:49,12/15/2021 12:47:54,100,844,2,1,2,4,7,7,7,4,6,7,7,7,7,7,6,1,1,1,1,1,4,1,1,1,2,2,2,4,2,1,1,2,1,1,4,3,1,54,1,White,4,2,1.25,6.54545454545455,1
97,1,12/15/2021 13:07:21,12/15/2021 13:14:26,100,424,2,1,2,3,6,6,5,4,5,4,3,5,5,6,3,2,2,2,3,5,5,3,3,5,5,2,7,2,2,3,6,4,5,3,3,5,4,52,2,white,2,3.83333333333333,4,4.72727272727273,2.25
98,1,12/15/2021 16:17:02,12/15/2021 16:23:21,92,379,2,1,2,3,4,3,2,4,3,5,7,6,3,4,3,3,2,4,4,2,2,4,2,2,4,1,4,5,1,1,1,1,1,7,1,1,7,52,1,White,3,2.58333333333333,3,4,3.25
99,1,12/15/2021 13:35:24,12/15/2021 13:48:02,100,758,2,1,2,4,7,7,7,5,7,7,7,7,7,7,4,1,1,1,1,1,4,1,1,6,1,1,2,4,1,1,5,1,1,4,1,1,4,52,1,White,4,2.16666666666667,2.25,6.54545454545455,1
102,1,12/15/2021 12:51:32,12/15/2021 13:00:17,100,525,2,1,2,2,6,4,5,6,3,4,5,4,5,2,2,2,2,3,3,7,7,3,5,6,2,2,6,2,2,6,2,4,4,2,2,4,2,51,2,Caucasian,2,3.16666666666667,4,4.18181818181818,2.5
109,1,12/15/2021 15:19:31,12/15/2021 15:23:39,100,247,2,1,2,3,5,5,6,4,5,5,6,6,6,6,7,1,1,1,1,5,2,1,2,5,3,1,3,6,1,1,5,1,1,3,1,3,6,49,1,white,3,2.66666666666667,2.75,5.54545454545455,1
110,1,12/15/2021 12:05:39,12/15/2021 12:11:27,100,348,2,1,2,4,7,7,7,7,7,7,7,7,7,7,7,1,1,1,1,1,4,1,1,1,1,1,1,1,1,2,1,1,1,1,1,1,1,48,2,White,4,1.08333333333333,1,7,1
115,1,12/15/2021 12:09:58,12/15/2021 12:15:41,100,342,2,1,2,3,3,3,4,4,3,2,4,4,4,4,3,4,4,4,4,6,4,1,5,7,4,1,7,7,1,1,7,4,5,4,4,5,7,47,2,White,4,4.41666666666667,4.25,3.45454545454545,4
118,1,12/15/2021 12:00:02,12/15/2021 12:09:10,100,548,2,1,2,3,7,7,7,4,7,7,7,7,7,7,4,1,1,1,2,5,2,1,1,3,5,1,1,7,1,4,7,1,1,4,1,1,7,46,2,White,3,3,2.5,6.45454545454545,1.25
119,1,12/15/2021 14:34:42,12/15/2021 14:51:32,100,1009,2,1,2,4,6,6,6,5,6,6,5,6,6,6,6,2,2,2,6,5,4,2,5,5,4,1,3,4,1,2,5,2,1,4,1,2,4,46,1,white,4,2.5,4,5.81818181818182,3
132,1,12/15/2021 11:59:05,12/15/2021 12:06:22,100,436,2,1,2,2,4,5,5,4,4,6,5,4,5,5,4,4,3,3,4,5,4,3,3,3,4,3,4,5,3,4,4,3,3,4,3,5,5,42,1,White,4,3.83333333333333,3.25,4.63636363636364,3.5
133,1,12/15/2021 12:13:24,12/15/2021 12:21:02,100,457,2,1,2,3,5,5,5,5,6,5,6,6,5,5,6,3,2,3,3,4,3,2,2,3,2,2,3,4,2,3,5,3,3,5,3,4,5,42,1,White,3,3.5,2.25,5.36363636363636,2.75
134,1,12/15/2021 12:49:39,12/15/2021 12:58:21,100,522,2,1,2,3,3,2,3,4,3,4,4,4,3,3,5,3,3,4,6,4,5,2,2,5,2,3,6,4,2,3,2,3,4,2,5,5,4,42,1,White,2,3.58333333333333,2.75,3.45454545454545,4
139,1,12/15/2021 11:53:24,12/15/2021 11:57:49,100,265,2,1,2,3,5,5,5,5,5,5,5,5,5,5,5,3,3,3,3,4,3,2,5,5,5,3,5,4,3,5,5,5,3,5,4,5,5,40,2,White,2,4.33333333333333,4.25,5,3
145,1,12/15/2021 12:14:13,12/15/2021 12:23:16,100,543,2,1,2,3,6,6,6,4,6,4,4,3,6,6,4,2,2,4,6,5,6,2,6,7,6,4,6,2,4,3,4,2,2,6,1,6,6,38,1,White,1,3.83333333333333,5.25,5,3.5
152,1,12/15/2021 12:10:44,12/15/2021 12:44:27,100,2022,2,1,2,3,7,7,7,7,1,1,7,7,7,7,7,1,1,1,1,7,7,1,1,1,1,1,1,7,1,1,1,1,1,1,1,1,1,35,1,White,4,1.5,1,5.90909090909091,1
169,1,12/15/2021 11:59:56,12/15/2021 12:08:19,100,502,2,1,2,3,6,7,7,7,1,6,1,6,6,7,7,2,1,7,7,3,1,4,5,6,6,1,4,1,1,2,6,3,1,3,3,3,3,26,2,White,3,2.58333333333333,5.25,5.54545454545455,4.25
174,1,12/15/2021 12:00:35,12/15/2021 12:15:36,100,900,2,1,2,4,7,7,6,5,6,7,7,7,7,7,7,1,1,1,1,1,1,1,5,7,5,4,5,4,2,2,1,1,4,5,4,5,4,23,2,Caucasian,3,3.41666666666667,4.5,6.63636363636364,1
177,1,12/15/2021 12:44:23,12/15/2021 12:52:02,100,458,2,1,2,2,6,5,5,5,3,3,3,5,4,4,3,4,5,4,5,6,4,5,6,6,4,4,7,4,4,4,5,6,4,4,3,5,7,22,2,White,1,4.75,5.25,4.18181818181818,4.5
180,1,12/15/2021 12:24:30,12/15/2021 12:34:57,100,626,2,1,2,4,5,5,5,7,5,5,4,3,5,5,2,3,2,2,7,6,6,3,6,6,3,4,7,5,5,7,5,6,5,6,4,7,7,21,1,White,3,5.66666666666667,4.5,4.63636363636364,3.5
9302c000-ee3c-ab15-e654-f42906abd6e6,2,10/20/2022 21:14:32,10/20/2022 21:19:19,100,287,2,2,1,4,6,6,6,6,7,1,7,7,7,7,7,1,1,1,4,7,1,1,1,7,7,1,7,7,1,4,4,4,4,4,4,7,7,34,2, ,2,4.5,4,6.09090909090909,1.75
f80d4cb1-e27f-16ac-ece5-782691aedb5d,2,10/20/2022 19:36:43,10/20/2022 19:48:17,100,694,2,2,1,3,5,5,6,4,5,4,6,5,6,5,6,2,2,3,4,5,2,3,4,3,2,2,4,4,1,4,6,3,3,5,4,3,4,71,2, ,2,3.58333333333333,3,5.18181818181818,2.75
1,1,12/15/2021 12:54:07,12/15/2021 13:05:42,100,694,2,2,1,3,7,6,6,7,5,6,6,7,6,4,7,2,2,1,2,4,4,4,3,5,4,1,4,4,1,1,5,2,2,4,3,2,4,94,2,White,5,2.75,4,6.09090909090909,1.75
8,1,12/15/2021 13:10:18,12/15/2021 13:29:29,100,1150,2,2,1,4,5,6,6,4,3,5,3,4,4,6,4,1,3,2,5,4,7,5,4,7,5,1,7,7,5,7,7,1,4,7,7,7,6,79,1,White,3,5.5,5.25,4.54545454545455,2.75
13,1,12/15/2021 13:23:32,12/15/2021 13:34:28,100,656,2,2,1,4,5,5,5,4,5,4,4,5,4,5,5,3,3,3,4,4,4,1,5,7,1,1,7,7,1,1,7,1,1,6,1,1,7,76,2,white,3,3.41666666666667,3.5,4.63636363636364,3.25
16,1,12/15/2021 13:01:53,12/15/2021 14:07:50,100,3957,2,2,1,4,6,6,6,4,4,6,4, ,4,5,3,3,2,3,3,4,5,1,1,4,4,2,6,4,2,3,7,4,3,6,3,5,6,75,2,caucasian,2,4.25,2.5,4.8,2.75
23,1,12/15/2021 13:53:56,12/15/2021 14:00:08,100,371,2,2,1,3,6,6,5,4,4,5,4,5,5,5,3,4,2,3,4,5,5,2,5,5,4,3,7,2,2,5,3,4,5,3,5,4,5,72,2,white,1,4,4,4.72727272727273,3.25
33,1,12/15/2021 13:15:11,12/15/2021 13:31:28,100,976,2,2,1,4,6,4,5,5,3,4,4,5,4,4,3,4,4,4,4,6,4,4,4,5,5,3,7,6,1,4,6,1,4,5,4,1,4,70,2,WHITE,4,3.83333333333333,4.5,4.27272727272727,4
40,1,12/15/2021 13:00:17,12/15/2021 13:12:11,100,714,2,2,1,3,4,4,4,4,4,4,4,4,4,4,4,4,4,4,4,4,4,2,2,2,2,1,2,2,1,2,4,2,1,3,4,2,2,69,1,White,3,2.16666666666667,2,4,4
44,1,12/15/2021 13:33:24,12/15/2021 13:41:12,100,468,2,2,1,3,6,6,6,6,4,4,5,5,6,6,5,2,2,2,2,4,4,3,3,5,4,3,4,5,2,2,3,4,4,3,4,4,4,68,1,White,3,3.5,3.75,5.36363636363636,2
58,1,12/15/2021 13:53:25,12/15/2021 13:59:38,100,372,2,2,1,2,4,2,2,2,3,4,4,4,4,4,4,4,5,4,4,4,4,2,4,4,2,1,4,4,1,4,2,1,1,5,4,2,2,65,2,white,3,2.58333333333333,3,3.36363636363636,4.25
64,1,12/15/2021 18:56:43,12/15/2021 19:10:29,100,826,2,2,1,3,6,5,6,4,5,5,6,7,6,6,3,1,1,2,2,2,4,2,3,5,2,1,4,3,1,2,2,3,2,4,3,3,3,62,1,white,4,2.58333333333333,3,5.36363636363636,1.5
65,1,12/15/2021 13:04:02,12/15/2021 13:10:00,100,358,2,2,1,3,5,5,4,5,4,6,6,6,4,5,3,3,2,3,3,2,4,4,7,6,5,1,6,6,1,2,5,2,2,4,1,2,7,62,2,White,4,3.25,5.5,4.81818181818182,2.75
72,1,12/15/2021 12:22:05,12/15/2021 12:44:08,100,1322,2,2,1,3,6,6,6,6,6,6,6,6,6,6,6,2,2,2,2,6,2,2,6,5,3,3,5,3,2,3,3,3,3,5,1,1,3,60,2,white,2,2.91666666666667,4,6,2
81,1,12/15/2021 18:33:15,12/15/2021 18:42:25,100,550,2,2,1,3,6,7,6,5,6,7,7,7,6,7,2,1,1,1,2,2,5,3,1,2,1,1,2,1,1,1,1,1,1,1,2,2,2,57,1,White,4,1.33333333333333,1.75,6,1.25
82,1,12/15/2021 12:31:04,12/15/2021 12:47:38,100,994,2,2,1,3,6,6,6,4,5,6,7,7,6,6,2,3,1,2,4,6,2,3,6,6,2,1,5,4,1,3,4,1,2,6,2,4,7,57,2,White,2,3.33333333333333,4.25,5.54545454545455,2.5
83,1,12/15/2021 12:14:14,12/15/2021 12:26:13,100,719,2,2,1,3,6,6,6,6,6, ,2,6,6,6,6,2,6,2,2,6,6,2,6,6, ,1,1,7,1,2,6,2,1,7,1,1,6,80,1,White caucasion,4,3,4.66666666666667,5.6,3
87,1,12/15/2021 15:59:18,12/15/2021 16:03:00,100,221,2,2,1,2,4,4,4,4,4,4,4,4,4,4,4,4,4,4,4,4,4,4,4,4,4,4,4,4,4,4,4,4,4,4,4,4,4,83,1,white,4,4,4,4,4
92,1,12/15/2021 11:55:43,12/15/2021 12:03:09,100,446,2,2,1,4,6,7,7,4,2,7,7,7,7,7,7,1,1,1,1,7,4,1,7,4,1,1,7,7,1,1,7,5,4,6,4,4,7,54,2,White,3,4.5,3.25,6.18181818181818,1
93,1,12/15/2021 13:16:12,12/15/2021 13:29:33,100,800,2,2,1,4,7,7,7,4,6,7,7,7,7,7,4,1,1,1,1,2,6,2,1,5,4,1,4,2,1,1,4,5,2,4,7,1,5,54,1,White,5,3.08333333333333,3,6.36363636363636,1
95,1,12/15/2021 13:43:40,12/15/2021 13:49:42,100,362,2,2,1,4,7,7,7,7,2,7,1,7,7,7,7,1,1,1,1,1,3,1,1,5,1,1,5,6,1,1,3,1,1,3,2,1,5,53,1,white,4,2.5,2,6,1
96,1,12/15/2021 11:56:20,12/15/2021 12:04:53,100,513,2,2,1,4,4,4,5,4,6,6,6,6,4,6,5,4,2,3,3,5,3,3,7,7,3,1,5,3,1,3,5,1,1,5,1,4,6,53,2,White,2,3,5,5.09090909090909,3
105,1,12/15/2021 12:43:29,12/15/2021 12:52:30,100,541,2,2,1,2,5,5,6,4,5,5,4,4,4,4,3,4,4,5,4,4,4,3,3,5,4,4,6,4,4,4,5,4,5,4,4,5,6,51,1,White,3,4.58333333333333,3.75,4.45454545454545,4.25
111,1,12/15/2021 12:35:50,12/15/2021 12:42:04,100,373,2,2,1,3,5,5,6,5,3,6,6,6,5,5,6,3,3,3,5,2,6,2,6,5,6,1,5,5,1,3,3,1,1,2,1,1,2,49,1,White,4,2.16666666666667,4.75,5.27272727272727,3.5
112,1,12/16/2021 5:07:38,12/16/2021 5:15:58,100,499,2,2,1,3,3,4,3,4,1,5,3,5,4,3,4,4,2,6,7,6,7,1,1,5,4,2,7,1,2,3,6,4,7,3,5,5,3,49,1,White,3,4,2.75,3.54545454545455,4.75
117,1,12/15/2021 14:09:44,12/15/2021 15:02:58,100,3193,2,2,1,4,7,6,7,7,7,7,7,7,7,7,5,1,1,1,2,4,2,1,2,3,1,1,2,1,1,2,2,3,2,1,2,3,1,47,1,White,2,1.75,1.75,6.72727272727273,1.25
123,1,12/15/2021 11:52:15,12/15/2021 12:04:31,100,735,2,2,1,4,6,6,6,6,4,7,7,7,7,6,7,2,1,1,1,7,1,1,4,4,4,4,3,6,2,4,6,3,2,6,2,2,6,49,2,White,3,3.83333333333333,3.25,6.27272727272727,1.25
126,1,12/15/2021 13:36:02,12/15/2021 13:45:02,100,539,2,2,1,3,6,6,6,4,5,7,7,7,4,5,4,1,5,1,1,4,4,7,7,4,1,1,1,4,1,1,4,1,1,1,1,1,1,45,2,White, ,1.5,4.75,5.54545454545455,2
129,1,12/15/2021 13:40:29,12/15/2021 13:48:29,100,479,2,2,1,3,5,5,5,3,5,4,5,3,4,5,2,4,2,4,7,6,6,3,6,7,4,1,5,5,1,3,7,3,5,4,1,5,6,44,2,White,2,3.83333333333333,5,4.18181818181818,4.25
131,1,12/15/2021 12:18:24,12/15/2021 12:24:04,100,339,2,2,1,2,4,5,5,3,5,3,5,5,4,5,3,4,3,5,5,3,3,2,2,5,5,1,3,1,1,2,2,1,1,2,1,2,2,43,1,White,3,1.58333333333333,3.5,4.27272727272727,4.25
135,1,12/15/2021 12:33:04,12/15/2021 12:40:37,100,453,2,2,1,4,7,6,7,6,1,2,1,2,7,6,1,2,7,2,2,7,7,7,6,7,6,7,6,7,6,7,6,7,6,7,6,7,6,42,1,White,5,6.5,6.5,4.18181818181818,3.25
137,1,12/15/2021 12:34:17,12/15/2021 12:44:37,100,619,2,2,1,3,7,7,6,5,4,6,6,6,6,7,4,2,2,1,2,4,3,2,2,6,6,1,5,6,1,4,6,4,3,5,4,2,7,41,1,white,2,4,4,5.81818181818182,1.75
138,1,12/15/2021 13:03:06,12/15/2021 13:09:29,100,382,2,2,1,4,7,7,7,7,1,1,6,6,7,7,1,3,7,2,1,6,7,7,6,5,6,7,7,6,5,7,6,5,7,6,5,6,5,41,1,White,3,6,6,5.18181818181818,3.25
142,1,12/15/2021 12:03:32,12/15/2021 12:39:17,100,2144,2,2,1,3,6,7,6,5,6,7,7,7,5,6,6,2,2,1,4,2,2,1,5,7,5,1,7,7,1,1,7,1,1,5,1,5,7,40,2,White,2,3.66666666666667,4.5,6.18181818181818,2.25
143,1,12/15/2021 13:05:43,12/15/2021 13:08:43,100,180,2,2,1,4,1,2,6,6,7,2,6,6,4,2,6,2,2,3,6,6,1,7,6,4,4,5,6,4, , ,5,4,4,5,4,4,4,39,1,white,2,4.5,5.25,4.36363636363636,3.25
147,1,12/15/2021 12:16:11,12/15/2021 12:24:40,100,508,2,2,1,4,7,5,6,7,7,6,6,6,7,7,3,7,1,1,2,5,2,5,6,6,3,1,3,6,1,2,3,2,2,4,3,2,3,38,1,White,2,2.66666666666667,5,6.09090909090909,2.75
151,1,12/15/2021 11:55:07,12/15/2021 11:59:44,100,276,2,2,1,4,7,7,7,7,7,7,7,7,7,7,7,1,7,1,1,1,7,2,5,1,4,1,1,5,4,4,6,1,6,1,4,7,3,36,2,White,1,3.58333333333333,3,7,2.5
158,1,12/15/2021 12:04:25,12/15/2021 12:11:47,100,441,2,2,1,2,3,2,2,3,5,4,4,5,4,4,4,4,4,5,3,3,5,4,3,4,4,3,4,3,4,5,4,5,4,5,5,5,4,33,1,WHITE,4,4.25,3.75,3.63636363636364,4
163,1,12/15/2021 12:52:56,12/15/2021 12:59:38,100,402,2,2,1,4,1,1,1,1,1,1,1,1,1,1,1,7,1,7,7,7,7,1,7,7,7,1,7,7,1,1,7,1,1,1,1,7,7,32,1,White,1,3.5,5.5,1,5.5
172,1,12/15/2021 12:11:11,12/15/2021 12:17:56,100,404,2,2,1,2,5,5,4,5,3,5,4,5,5,5,3,3,3,4,4,5,5,2,5,7,4,3,7,3,2,6,7,2,3,5,1,5,7,25,2,White,2,4.25,4.5,4.45454545454545,3.5
173,1,12/15/2021 11:56:13,12/15/2021 12:04:40,100,507,2,2,1,4,5,5,6,6,6,6,6,6,6,6,6,2,1,2,2,4,4,2,2,6,2,5,6,2,5,2,3,7,5,3,2,6,6,24,2,White,3,4.33333333333333,3,5.81818181818182,1.75
175,1,12/15/2021 12:39:07,12/15/2021 12:47:42,100,514,2,2,1,3,6,6,5,4,4,6,6,6,4,5,4,4,4,2,3,4,4,2,2,6,4,4,2,6,2,2,2,2,4,6,4,2,6,23,1,White,4,3.5,3.5,5.09090909090909,3.25
176,1,12/15/2021 14:02:45,12/15/2021 20:07:03,100,21857,2,2,1,4,7,6,6, ,2,2,7,6,7,5,1,2,6,2,3,6,6,7,6,7,7,1,6,6,6,6,6,7,6,5,7,1,6,33,1,White,4,5.25,6.75,4.9,3.25
178,1,12/15/2021 12:07:27,12/15/2021 12:48:38,100,2470,2,2,1,3,6,7,7,4,5,6,7,7, ,7,4,1,1,1,1,1,6,1,1,7,4,1,6,5,1,1,1,1,1,1,1,1,4,22,2,White,4,2,3.25,6,1
99542f74-ca21-c1f8-aa20-1b7f270a6896,2,10/20/2022 23:24:31,10/20/2022 23:28:32,100,240,2,2,2,4,5,5,5,4,5,5,3,4,3,3,5,4,4,3,3,5,4,4,4,5,5,5,5,5,5,4,5,5,4,4, ,3,4,40,2, ,5,4.45454545454545,4.5,4.27272727272727,3.5
3,1,12/15/2021 13:02:04,12/15/2021 13:21:03,100,1138,2,2,2,4,6,6,5,6,4,4,4,4,5,6,4,2,2,3,4,4,4,2,1,4,4,5,6,6,2,4,4,4,4,3,4,4,5,81,1,White,4,4.25,2.75,4.90909090909091,2.75
4,1,12/15/2021 11:46:38,12/15/2021 12:00:18,100,819,2,2,2,3,6,7,7,4,7,7,7,7,6,6,7,1,1,1,1,2,2,2,2,2,1,1,4,2,1,2,2,4,1,4,1,2,1,80,2,White,3,2.08333333333333,1.75,6.45454545454545,1
7,1,12/15/2021 12:47:34,12/15/2021 12:59:28,100,714,2,2,2,4,7,7,6,6,6,7,6,7,6,6,6,1,1,1,1,5,4,2,6,6,4,2,4,4,1,1,6,4,4,7,4,4,7,79,1,white,4,4,4.5,6.36363636363636,1
10,1,12/15/2021 12:54:41,12/15/2021 13:05:50,100,669,2,2,2,4,4,3,4,3,4,7,4,6,6,3,6,3,1,2,2,1,6,5,4,2,2,1,7,1,1,1,5,1,1,1,1,1,1,77,1,WHITE,3,1.83333333333333,3.25,4.54545454545455,2
14,1,12/15/2021 13:06:13,12/15/2021 13:13:14,100,421,2,2,2,3,7,7, , ,7,7,7,7,7,7,7,1,1,1,1,7,1,1,1,1,1,1,1,1,1,1,7,1,1,7,1,1,7,75,2,white,4,2.5,1,7,1
15,1,12/15/2021 13:16:48,12/15/2021 13:33:28,100,1000,2,2,2,4,7,7,7,7,4,7,7,7,7,7,7,1,1,1,1,4,4,1,1,1,1,1,4,1,1,1,7,4,1,4,1,1,6,75,2,white,4,2.66666666666667,1,6.72727272727273,1
21,1,12/15/2021 12:26:15,12/15/2021 12:34:06,100,470,2,2,2,3,5,5,5,4,5,5,4,5,5,5,4,4,3,3,4,5,3,3,4,4,4,2,5,5,2,3,5,3,3,4,3,4,4,73,2,White,2,3.58333333333333,3.75,4.72727272727273,3.5
25,1,12/15/2021 12:57:41,12/15/2021 13:13:05,100,924,2,2,2,3,6,6,6,6,6,6,6,6,6,6,4,3,2,2,2,6,4,2,3,5,5,2,6,4,2,2,5,4,2,4,1,2,5,71,2,white,3,3.25,3.75,5.81818181818182,2.25
26,1,12/15/2021 12:42:30,12/15/2021 12:53:25,100,654,2,2,2,4,7,7,7,4,4,7,7,7,7,7,7,1,1,1,1,7,1,1,1,1,1,1,1,1,1,1,1,1,1,1,1,1,1,71,2,white,4,1,1,6.45454545454545,1
35,1,12/15/2021 12:49:09,12/15/2021 13:08:46,92,1176,2,2,2,3,6,6,6,5,4,4,4,5,5,5,4,2,3,3,3,4,3,3,5,5,4,2,4,5,1,4,4,4,3,4,4,4,4,69,2,Caucasian,3,3.58333333333333,4.25,4.90909090909091,2.75
36,1,12/15/2021 13:09:46,12/15/2021 13:25:13,100,927,2,2,2,3,6,4,5,2,5,4,4,4,3,4,5,3,2,4,6,6,7,2,1,2,2,2,7,2,2,6,6,3,5,2,4,4,2,68,1,White,2,3.75,1.75,4.18181818181818,3.75
43,1,12/15/2021 13:03:27,12/15/2021 13:16:54,100,807,2,2,2,4,4,6,5,3,7,7,7,7,4,6,4,1,1,1,1,1,4,1,1,2,2,1,4,2,1,1,1,4,1,6,1,1,2,68,1,caucasian,4,2.08333333333333,1.5,5.45454545454545,1
45,1,12/15/2021 12:56:40,12/15/2021 13:14:15,100,1054,2,2,2,3,5,4,5,2,4,5,5,5,5,5,3,3,2,3,6,3,5,5,6,5,4,2,7,3,2,3,6,3,3,2,1,3,2,67,2,caucasian,1,3.08333333333333,5,4.36363636363636,3.5
46,1,12/15/2021 12:43:30,12/15/2021 12:52:10,100,520,2,2,2,3,6,5,6,4,6,4,4,4,6,6,4,3,2,2,4,6,4,2,5,7,3,1,3,1,2,5,5,2,4,4,5,5,4,67,2,White,2,3.41666666666667,4.25,5,2.75
48,1,12/15/2021 12:57:33,12/15/2021 13:08:32,100,658,2,2,2,2,4,5,4,3,4,2,4,4,3,4,4,4,4,3,5,6,4,3,5,5,4,1,5,4,1,4,4,4,5,4,1,4,5,66,2,Caucasian,2,3.5,4.25,3.72727272727273,4
49,1,12/15/2021 12:50:55,12/15/2021 13:00:51,100,596,2,2,2,3,6,6,4,4,5,5,5,4,5,5,4,3,2,4,4,4,4,4,5,5,4,4,6,3,4,4,4,4,4,3,4,5,4,66,2,white,2,4.08333333333333,4.5,4.81818181818182,3.25
55,1,12/15/2021 12:51:54,12/15/2021 13:03:24,100,689,2,2,2,3,7,7,7,5,6,6,2,6,6,6,6,2,6,2,2,4,4,3,3,6,2,1,6,3,1,6,3,2,1,3,2,1,6,64,1,White,4,2.91666666666667,3.5,5.81818181818182,3
59,1,12/15/2021 13:53:54,12/15/2021 14:00:18,100,383,2,2,2,3,7,7,7,7,7,7,7,7,7,7,7,1,1,1,1,3,1,1,5,5,5,1,4,1,1,1,7,1,1,6,1,1,7,63,1,white,5,2.66666666666667,4,7,1
62,1,12/15/2021 15:23:35,12/15/2021 15:44:45,100,1270,2,2,2,4,6,6,5,4,4,7,7,7,6,7,4,1,1,1,2,3,4,1,5,5,6,1,7,1,1,3,5,2,4,1,1,4,1,62,1,white,3,2.58333333333333,4.25,5.72727272727273,1.25
73,1,12/15/2021 16:34:43,12/15/2021 16:49:03,100,860,2,2,2,4,2,1,1,1,4,2,1,3,1,2,3,7,4,6,7,6,6,2,6,1,5,1,7,5,1,7,6,4,6,4,1,6,3,59,1,white,2,4.25,3.5,1.90909090909091,6
79,1,12/15/2021 12:20:22,12/15/2021 13:14:44,100,3261,2,2,2,3,6,6,6,6,5,6,7,7,6,6,4,2,1,2,3,5,4,1,4,7,4,1,7,7,1,4,7,4,1,7,1,1,7,57,2,white,3,4,4,5.90909090909091,2
80,1,12/15/2021 12:54:40,12/15/2021 15:20:02,100,8721,2,2,2,4,7,6,6,4,7,7,7,7,7,7,3,1,1,1, ,1,1,5,3,5,3,1,5,3,1,2,7,2,1,6,1,1,7,57,2,White,4,3.08333333333333,4,6.18181818181818,1
90,1,12/15/2021 12:28:05,12/15/2021 12:42:29,100,864,2,2,2,4,6,6,6,5,6,7,7,7,6,6,4,2,1,2,3,2,4,5,6,6,6,1,4,3,1,1,5,1,1,1,1,4,3,54,2,White,4,2.16666666666667,5.75,6,2
100,1,12/15/2021 12:23:31,12/15/2021 12:38:16,100,885,2,2,2,3,6,6,6,6,6,6,6,6,6,6,6,2,2,2,2,2,6,2,2,6,6,2,6,6,2,2,2,2,2,6,2,2,6,51,1,White,4,3.33333333333333,4,6,2
103,1,12/15/2021 12:10:25,12/15/2021 12:17:49,100,444,2,2,2,3,6,6,4,5,5,5,5,5,5,5,3,3,2,2,3,4,3,1,1,5,5,1,6,3,1,2,5,1,2,5,1,2,6,51,1,White,2,2.91666666666667,3,4.90909090909091,2.5
106,1,12/15/2021 11:57:15,12/15/2021 12:09:58,100,763,2,2,2,3,6,6,6,6,6,7,6,7,6,6,6,2,2,2,2,2,6,3,2,6,2,2,4,6,2,2,6,2,2,6,2,4,6,50,2,White,3,3.66666666666667,3.25,6.18181818181818,2
107,1,12/15/2021 12:06:33,12/15/2021 12:14:59,100,506,2,2,2,4,7,7,7,6,4,3,4,4,4,4,4,4,4,4,4,7,4,4,4,4,4,4,4,4,3,4,4,4,4,4,4,4,4,50,2,White,3,3.91666666666667,4,4.90909090909091,4
116,1,12/15/2021 12:17:55,12/15/2021 12:22:22,100,266,2,2,2,2,5,4,4,4,3,4,4,4,4,4,3,4,4,4,5,5,1,5,5,5,4,2,3,4,4,4,4,3,4,4,5,4,4,48,1,White,4,3.75,4.75,3.90909090909091,4.25
120,1,12/15/2021 14:08:58,12/15/2021 14:17:40,100,522,2,2,2,3,5,5,5,6,2,3,6,6,3,5,5,3,2,3,3,2,7,1,1,5,2,2,5,1,1,6,2,2,7,2,2,6,2,46,1,white,2,3.16666666666667,2.25,4.63636363636364,2.75
121,1,12/15/2021 12:31:08,12/15/2021 12:46:18,100,909,2,2,2,4,4,5,4,4,5,5,4,4,4,4,5,3,3,3,4,4,4,3,5,5,4,1,6,4,1,6,5,2,4,4,4,3,4,45,1,White,3,3.66666666666667,4.25,4.36363636363636,3.25
128,1,12/15/2021 11:54:29,12/15/2021 12:02:01,100,452,2,2,2,4,7,7,7,7,1,1,1,1,7,7,1,1,7,1,1,7,7,3,2,3,3,4,7,7,6,1,4,5,5,4,4,4,4,44,2,White,2,4.58333333333333,2.75,4.27272727272727,2.5
140,1,12/15/2021 12:46:52,12/15/2021 12:53:41,100,408,2,2,2,3,5,5,5,6,4,6,7,6,4,5,5,3,2,2,4,5,4,1,1,5,4,1,5,5,1,2,6,4,2,5,1,3,5,40,2,White,4,3.33333333333333,2.75,5.27272727272727,2.75
146,1,12/15/2021 12:07:42,12/15/2021 12:14:15,100,392,2,2,2,4,7,7,7,6,2,2,2,1,7,7,1,2,6,2,1,6,7,6,7,7,7,7,6,6,6,7,6,6,6,7,7,6,6,38,1,withe,2,6.33333333333333,6.75,4.45454545454545,2.75
153,1,12/15/2021 11:57:39,12/15/2021 12:01:19,100,220,2,2,2,3,4,5,5,5,3,4,3,2,5,6,2,2,5,3,2,5,6,5,5,5,4,4,4,4,4,4,4,5,4,4,4,5,5,35,2,white,3,4.25,4.75,4,3
160,1,12/15/2021 11:56:03,12/15/2021 12:03:27,100,444,2,2,2,4,7,7,7,7,1,1,1,7,7,7,3,1,3,1,5,7,6,1,1,6,6,6,7,7,7,1,7,6,1,7,1,1,7,32,1,White,2,4.83333333333333,3.5,5,2.5
161,1,12/15/2021 11:49:06,12/15/2021 11:57:27,100,501,2,2,2,4,6,6,6,6,4,2,4,4,4,4,6,4,2,2,6,6,4,4,4,4,4,2,4,4,4,4,4,4,4,4,4,4,4,32,2,White,2,3.83333333333333,4,4.72727272727273,3.5
164,1,12/15/2021 11:56:04,12/15/2021 12:04:27,100,502,2,2,2,4,7,7,7,4,7,7,7,7,4,7,4,1,1,1,1,2,4,4,6,7,3,3,4,2,3,1,4,2,4,2,4,5,2,31,2,White,4,3,5,6.18181818181818,1
165,1,12/15/2021 12:15:49,12/15/2021 12:30:53,100,903,2,2,2,4,6,7,6,6,5,2,6,7,6,5,6,2,6,1,2,2,3,5,2,6,6,2,6,6,2,2,6,2,2,6,6,2,6,32,2,White,2,4,4.75,5.63636363636364,2.75
167,1,12/15/2021 11:59:53,12/15/2021 12:05:20,100,327,2,2,2,2,5,4,5,4,5,4,4,7,4,4,4,4,5,4,4,4,3,5,6,6,6,3,4,5,3,4,5,3,3,3,4,5,5,28,2,White / Caucasian,1,3.91666666666667,5.75,4.54545454545455,4.25
170,1,12/15/2021 11:56:30,12/15/2021 12:00:47,100,257,2,2,2,3,2,2,4,2,4,4,2,2,6,3,2,6,5,5,4,6,4,5,4,4,6,4,6,5,4,4,6,5,4,4,4,6,7,25,2,White,3,4.91666666666667,4.75,3,5
171,1,12/15/2021 11:57:53,12/15/2021 12:02:52,100,299,2,2,2,3,5,3,3,2,6,5,3,5,6,6,5,3,2,3,5,6,6,5,5,6,3,2,7,7,2,6,6,5,2,3,2,6,3,25,2,White,2,4.25,4.75,4.45454545454545,3.25
